,,Jul-16,Aug-16,Sep-16,Oct-16,Nov-16,Dec-16,Jan-17,Feb-17,Mar-17,Apr-17,May-17,Jun-17,Jul-17,Aug-17,Sep-17,Oct-17,Nov-17,Dec-17,Jan-18,Feb-18,Mar-18,Apr-18,May-18,Jun-18,Jul-18,Aug-18,Sep-18,Oct-18,Nov-18,Dec-18,Jan-19,Feb-19,Mar-19,Apr-19
Sydney Metro Contract 1,Adult,390433,386386,370068,381402,405245,353196,341332,386683,437169,357110,450002,404992,417371,448961,419498,438484,455666,382007,389381,429725,469557,427345,501314,442598,481811,510926,462927,506676,521433,432004,453530,490800,540057,477497
Sydney Metro Contract 1,Adult Single Bus Trip 1,,25753,23416,23138,23352,22065,21306,21277,22132,19715,22140,20506,21944,20672,19788,20237,20786,20437,19834,19271,20420,18843,19759,16891,18345,17523,15565,17134,17252,17521,17732,16570,17016,16262
Sydney Metro Contract 1,Adult Single Bus Trip 2,,17882,14984,14465,13914,13285,12021,11824,12923,11281,12297,10876,12068,11032,10484,10477,10561,10862,10665,9681,10367,9672,9980,8323,10245,9447,7948,9152,9124,8960,9009,8363,8561,7795
Sydney Metro Contract 1,Adult Single Bus Trip 3,,1880,1459,1355,1198,1102,1098,1009,992,947,971,876,992,881,920,917,837,942,922,776,803,785,795,688,891,851,726,857,825,761,731,734,810,781
Sydney Metro Contract 1,Child/Youth,62800,67010,70022,78951,76328,77290,80779,80920,82720,78164,77300,68761,89142,73381,77498,83085,79384,81840,90813,85852,89194,87921,85444,75635,96862,84041,76967,94270,83569,80732,92159,88688,89238,86688
Sydney Metro Contract 1,Child/Youth Single Bus Trip 1,,14002,12523,11226,9254,10271,10453,6258,6998,8981,6289,5812,8689,5568,7029,6771,5690,8491,8730,5228,5720,7288,5113,4494,7502,4981,4518,5907,4407,5647,7175,3669,4017,5125
Sydney Metro Contract 1,Child/Youth Single Bus Trip 2,,10189,8836,8459,5673,7826,8579,4342,4548,7459,4281,3982,7252,3825,5503,5139,3981,6447,7107,3340,3697,5799,3306,3034,5961,3307,2973,4738,3120,4444,5753,2719,2787,4168
Sydney Metro Contract 1,Child/Youth Single Bus Trip 3,,907,937,927,588,820,869,389,428,680,388,329,658,353,456,448,408,616,766,299,363,539,272,278,614,327,305,470,267,447,648,256,310,381
Sydney Metro Contract 1,Concession,136064,73590,61676,60635,57858,45808,42676,53466,87410,62040,81990,62266,63203,86293,70969,74487,69407,52591,49620,60089,89220,71692,89724,66213,65528,89250,71129,71192,64437,47328,45245,57323,87022,70678
Sydney Metro Contract 1,Employee,,,,,,,,,1,,,,,,,,,2,,,,,,,4,1208,1863,2254,2325,1901,2225,2690,2905,2749
Sydney Metro Contract 1,Free Travel,1149,1281,1320,1410,1462,1337,1329,1407,1622,1436,1619,1374,1433,1538,1359,1542,1641,1520,1514,1723,1814,1734,1932,1709,1934,2064,1752,2047,2040,1909,2040,2104,2136,1898
Sydney Metro Contract 1,School Student,138642,296261,203827,197558,255994,105576,14972,241273,288260,94867,274658,225602,112694,238995,162480,189313,239425,91676,16314,256916,306310,126463,336860,275618,147138,305345,245625,157638,253123,116188,16653,291709,335098,163733
Sydney Metro Contract 1,Senior/Pensioner,206110,224668,218598,227088,236965,216294,203201,220030,245205,204773,243810,220501,222539,233460,219245,229995,239296,209388,204510,219649,241446,217295,251153,220356,230432,245504,219183,239069,246005,217410,207693,225652,242478,223020
Sydney Metro Contract 1,Day Pass Child/Youth w/o SAF,,,,,,,,,,,,,,,7,1,,,,,,,6,1,3,7,4,,1,1,3,4,10,3
Sydney Metro Contract 1,Day Pass without SAF,,,,,,,,,,,,,,4,16,6,,,,,,2,11,19,37,30,22,28,43,50,66,71,128,111
Sydney Metro Contract 2,Adult,95379,98930,96846,95814,105072,88501,84714,97919,114265,92227,117522,104244,106827,115378,111804,114294,119017,99122,100977,112605,123182,110813,130112,115479,124868,132341,121652,128316,132708,110262,115653,128690,141518,125739
Sydney Metro Contract 2,Adult Single Bus Trip 1,,7531,6630,5846,6236,6010,5415,5532,5957,4931,5994,5002,5757,5607,5511,5662,5538,5305,4978,4970,5275,4791,5236,4257,4727,4533,4538,5111,4965,4800,4661,4322,4619,4389
Sydney Metro Contract 2,Adult Single Bus Trip 2,,5322,4127,3554,3666,3407,2984,2818,2996,2819,2916,2538,2886,2610,2718,2832,2712,2602,2482,2048,2506,2248,2317,2086,2282,2278,2256,2622,2457,2195,2272,2037,2128,1864
Sydney Metro Contract 2,Adult Single Bus Trip 3,,798,634,561,591,498,498,417,456,381,443,410,412,449,373,358,377,426,406,303,305,332,315,266,346,312,342,346,339,350,367,284,273,284
Sydney Metro Contract 2,Child/Youth,15217,18145,19883,20366,21889,20941,20308,22705,22796,21051,21146,18963,24222,21976,23184,23422,23184,22548,23669,22809,23677,22532,21074,19236,24613,23080,25799,28573,29268,24753,24948,29396,28946,25724
Sydney Metro Contract 2,Child/Youth Single Bus Trip 1,,2745,2655,2320,2152,2053,1996,1335,1580,1667,1417,1267,1820,1349,1514,1286,1140,1446,1521,965,1076,1217,1003,763,1352,1012,1311,1565,1396,1426,1462,1102,1296,1285
Sydney Metro Contract 2,Child/Youth Single Bus Trip 2,,1706,1777,1359,1162,1399,1404,835,820,1206,750,812,1272,806,1003,923,610,901,1182,579,742,919,591,598,997,566,744,911,712,816,1008,589,697,723
Sydney Metro Contract 2,Child/Youth Single Bus Trip 3,,243,218,184,139,215,202,111,114,183,102,124,189,110,116,138,86,174,164,105,110,113,75,86,153,102,118,156,95,140,191,81,87,104
Sydney Metro Contract 2,Concession,37534,23745,20282,19053,20104,16488,15719,20534,30653,22158,28790,22225,22353,29077,24080,24604,23159,17479,17001,20393,30309,24307,30234,22850,22415,28101,24213,22201,20921,15797,15362,19412,28255,23373
Sydney Metro Contract 2,Employee,,,,,,,,,,,,,,,,,,,,,,,,,,243,359,492,566,471,587,675,824,635
Sydney Metro Contract 2,Free Travel,663,850,925,975,1130,1058,911,1038,1073,1019,1196,958,972,1010,1004,1112,1103,951,1011,854,919,898,1096,929,1068,1157,1017,1080,1182,1116,1076,1118,1181,1013
Sydney Metro Contract 2,School Student,33879,83258,59145,54822,73227,28460,3901,66266,78036,26336,80189,65058,32887,71883,48299,51362,62306,22707,4256,60749,65471,26332,66589,54120,28654,70227,85068,64494,113394,49996,6280,109072,117644,59973
Sydney Metro Contract 2,Senior/Pensioner,80018,93181,90156,90364,96103,87640,79041,87363,98689,82799,98189,88694,90257,95128,90732,92075,94932,85494,83760,89251,97625,85546,98506,86719,91704,97165,90172,92930,97562,87319,82568,90956,96763,90167
Sydney Metro Contract 2,Day Pass Child/Youth w/o SAF,,,,,,,,,,,,,,,,1,,,,,7,1,,,3,,,3,5,10,5,11,6,4
Sydney Metro Contract 2,Day Pass without SAF,,,,,,,,,,,,,,,10,,,,,,,5,4,3,1,7,7,7,8,14,25,21,11,13
Sydney Metro Contract 3,Adult,358199,362876,358847,357225,382168,336947,323012,343946,367571,337249,422936,385955,392943,420805,398923,409218,426084,363618,361659,395725,433936,404594,473051,414702,448534,472420,434593,469712,483938,406128,418389,445412,488165,442279
Sydney Metro Contract 3,Adult Single Bus Trip 1,,26474,23641,22558,22660,21972,19856,19400,18556,19079,20551,18235,18825,18588,18620,18497,18361,18842,17722,17115,18207,18036,17922,15319,16380,15584,14774,15851,15747,15991,15167,14831,15662,14943
Sydney Metro Contract 3,Adult Single Bus Trip 2,,21037,17322,15772,15949,15103,13674,13050,12519,12469,13517,11895,12759,12162,11672,11343,10999,10825,10554,10090,10401,10203,10458,8650,9592,9222,8563,9547,9230,9250,8649,8621,8468,8371
Sydney Metro Contract 3,Adult Single Bus Trip 3,,3132,2502,2264,2234,2382,2041,2076,1806,1803,1879,1646,1819,1646,1414,1535,1528,1714,1484,1426,1482,1438,1490,1239,1296,1365,1247,1407,1412,1354,1250,1041,1147,1097
Sydney Metro Contract 3,Child/Youth,48558,60182,62642,66791,72372,69454,64697,74409,70240,73058,79594,71744,81384,79066,81199,82819,82507,77763,75025,85944,88767,80039,82442,73366,84482,82778,77435,82471,81204,75719,75872,84044,85061,79214
Sydney Metro Contract 3,Child/Youth Single Bus Trip 1,,14039,10431,8823,8432,8043,6491,5668,5236,6566,5914,5232,6540,5879,6042,5770,5317,5645,4967,4616,4912,4790,4363,3871,5172,4364,4124,4373,4016,4369,4394,3394,3727,3969
Sydney Metro Contract 3,Child/Youth Single Bus Trip 2,,8986,6720,5570,4736,5860,5649,3309,3139,5049,3511,3479,4937,3380,4105,3730,3217,4029,4136,2545,2802,3762,2435,2368,3695,2527,2671,3068,2504,3291,3558,2041,2287,2835
Sydney Metro Contract 3,Child/Youth Single Bus Trip 3,,663,563,411,287,469,421,255,247,334,245,206,334,147,262,185,174,294,331,173,213,240,159,199,303,184,173,197,148,347,293,197,194,252
Sydney Metro Contract 3,Concession,141581,94549,81868,83759,85457,74738,71531,89974,126184,100171,132503,101862,100008,129794,106347,110264,102224,78564,71639,86457,126983,98618,120777,89783,87956,121798,101336,94346,85259,63140,56089,71486,106941,88334
Sydney Metro Contract 3,Employee,1,,,1,,,,,,,,,,,,1,,,1,,,,1,,,695,1194,1458,1383,1201,1549,1622,1826,1532
Sydney Metro Contract 3,Free Travel,1299,1693,1693,1568,1869,1599,1417,1609,1649,1501,2009,1685,1701,1912,1688,1855,1821,1527,1272,1493,1819,1665,2029,1859,1939,1990,1896,1844,2097,1802,1731,1899,2080,1727
Sydney Metro Contract 3,School Student,69157,168615,124118,120205,165809,70202,10146,148887,165640,66401,203974,176259,89844,200836,138009,146718,189958,71013,11439,181955,200223,80587,209501,173513,94510,195207,164189,108358,176817,86031,11089,175681,192568,98127
Sydney Metro Contract 3,Senior/Pensioner,242938,274479,270225,272252,286254,265125,246095,253752,263471,254421,300134,271737,274744,290844,275720,283361,293095,262191,259247,271211,299218,272716,310280,271484,288805,299826,280752,293085,303434,278934,268167,285167,310254,288404
Sydney Metro Contract 3,Day Pass Child/Youth w/o SAF,,,,,,,,,,,,,,,4,,,,,,,,,1,,,,,,,2,,1,1
Sydney Metro Contract 3,Day Pass without SAF,,,,,,,,,,,,,,,15,8,,,,,2,2,7,5,11,13,13,18,40,8,20,31,33,48
Sydney Metro Contract 4,Adult,1110352,1184057,1125875,1074581,1169415,956656,954863,1092166,1272825,985917,1315568,1194946,1205369,1324087,1237537,1262603,1329103,1067240,1134814,1256731,1386691,1270690,1521955,1339381,1419096,1504929,1361620,1472392,1500351,1209117,1287612,1423293,1537588,1353095
Sydney Metro Contract 4,Adult Single Bus Trip 1,,9488,8856,7644,7421,7491,6554,6141,6750,6017,6186,5456,5753,5567,5219,5214,5213,5177,5082,4998,5081,4475,4494,3687,4204,3655,3400,3946,3565,3540,3214,2943,3095,2830
Sydney Metro Contract 4,Adult Single Bus Trip 2,,6053,5456,4741,4413,4602,3927,3758,3826,3643,3687,3241,3245,2830,2747,2792,2663,2710,2615,2356,2619,2383,2138,2017,2430,2163,1845,2031,2107,1960,1866,1689,1827,1739
Sydney Metro Contract 4,Adult Single Bus Trip 3,,17279,15631,14919,13113,14428,12895,10352,11337,11471,11018,10612,9774,8968,8881,9196,8694,9960,9030,7800,8313,7277,6908,6168,5935,5477,5388,5853,5510,6551,5587,5000,5185,5159
Sydney Metro Contract 4,Child/Youth,89626,88354,93990,92580,93797,99913,104872,100027,110048,104988,101455,96642,117916,101273,108307,107645,102316,114653,125617,110677,115670,121960,106624,100487,131030,105917,100632,119861,106070,116560,133441,116469,126064,128336
Sydney Metro Contract 4,Child/Youth Single Bus Trip 1,,6589,4790,3477,2895,2967,2831,1717,1940,2321,1718,1488,2058,1382,1692,1526,1153,1390,1702,982,1034,1295,851,703,1255,721,661,973,697,811,1021,507,595,779
Sydney Metro Contract 4,Child/Youth Single Bus Trip 2,,3231,3145,2363,1546,2304,2585,1041,1079,2091,1069,1022,1782,911,1247,1117,724,1316,1516,668,670,1125,569,534,1087,530,495,845,513,712,868,389,459,821
Sydney Metro Contract 4,Child/Youth Single Bus Trip 3,,5248,3830,3279,1979,3155,3498,1376,1694,2692,1474,1600,2175,1178,1638,1544,967,1862,2117,873,1067,1587,938,892,1379,752,714,1007,652,1188,1275,512,610,949
Sydney Metro Contract 4,Concession,143585,199464,155529,157658,128830,91637,85978,109169,231413,148339,217191,147030,123925,225608,168989,180773,145565,101753,99526,122423,229880,173372,224865,154979,138376,235799,175284,196212,153835,110667,107955,146329,250542,189541
Sydney Metro Contract 4,Employee,1,,,,,2,,1,2,1,,,,1,,,1,1,1,,,1,,1,19,2080,2799,3128,3399,2935,3123,3513,3863,3448
Sydney Metro Contract 4,Free Travel,1436,1950,1867,2066,2366,2098,1872,2039,2430,1969,2417,2323,2191,2515,2445,2523,2650,2060,1945,2244,2551,2227,2446,2152,2065,2226,2043,2224,2325,1974,1921,2189,2435,2235
Sydney Metro Contract 4,School Student,106945,246098,175165,157520,210231,81406,14831,214840,254953,85458,249028,202738,108319,237670,161332,164730,207980,76916,17132,223734,238679,100556,260209,218505,111957,248256,211870,135612,223935,104734,18041,237132,302889,164243
Sydney Metro Contract 4,Senior/Pensioner,184319,202488,200000,198730,213493,188149,173617,190188,218584,184555,221985,203205,206783,219424,207009,210048,221703,195677,192083,204560,225990,208536,235893,211798,225020,234915,216429,227572,233973,210491,200739,220375,232198,215118
Sydney Metro Contract 4,Day Pass Child/Youth w/o SAF,,,,,,,,,,,,,,2,,,,,,,,1,1,,,,,,,,,,3,1
Sydney Metro Contract 4,Day Pass without SAF,,,,,,,,,,,,,,2,3,1,,,,,,1,10,8,8,10,7,8,11,6,25,59,35,36
Sydney Metro Contract 5,Adult,101718,105057,102149,102105,112873,99340,96356,104952,124545,98009,126915,114682,113618,124499,119905,125506,131714,112923,114284,124772,140837,129063,150422,134100,146681,154578,141666,151740,154904,134545,140495,145740,158745,141899
Sydney Metro Contract 5,Adult Single Bus Trip 1,,6316,5464,5107,5584,4908,4560,4565,5060,4277,4929,4430,4619,4502,4479,4389,4316,4252,4206,4058,4454,4309,4334,3867,4228,4111,3917,3977,4122,3930,4102,3829,4112,3781
Sydney Metro Contract 5,Adult Single Bus Trip 2,,1994,1644,1568,1522,1453,1468,1397,1442,1259,1391,1226,1203,1123,1076,1050,1087,1046,1035,974,1117,1038,952,895,1040,951,945,1015,1031,1023,1085,936,1030,909
Sydney Metro Contract 5,Adult Single Bus Trip 3,,76,51,47,29,42,47,27,31,19,28,32,32,27,33,34,40,21,23,24,28,48,41,51,33,39,41,37,35,37,31,26,26,25
Sydney Metro Contract 5,Child/Youth,16248,15396,18546,18193,20525,20684,20662,18605,18931,19238,17913,16016,20904,16457,19446,18983,17835,19876,21925,17934,18257,20986,15875,15009,22973,16727,16706,21663,18710,20269,24669,18725,18692,20555
Sydney Metro Contract 5,Child/Youth Single Bus Trip 1,,2366,2235,1864,1611,1920,2194,1020,1120,1640,989,913,1387,828,1183,1011,758,1062,1362,666,674,1125,580,523,1062,542,634,1101,761,1030,1430,529,729,1068
Sydney Metro Contract 5,Child/Youth Single Bus Trip 2,,790,913,695,538,692,843,367,405,565,301,308,482,301,556,408,262,447,598,223,254,511,219,202,451,183,213,368,267,392,520,222,270,415
Sydney Metro Contract 5,Child/Youth Single Bus Trip 3,,20,26,34,23,33,25,13,6,5,8,16,12,5,10,9,8,7,15,4,9,16,10,13,20,8,4,14,8,14,15,1,4,8
Sydney Metro Contract 5,Concession,26744,17118,14941,14027,13506,11109,10058,12418,19561,14292,19212,14505,13637,18556,15898,16131,15064,11923,11549,13872,21592,17692,21562,16619,17299,22754,19111,18647,16696,13126,12507,15141,22073,18115
Sydney Metro Contract 5,Employee,,,,,,,,,,,,1,,1,,,,,,,,,,,1,149,308,324,413,397,383,396,511,499
Sydney Metro Contract 5,Free Travel,374,562,567,492,438,433,443,486,628,513,661,572,590,604,590,622,657,548,558,561,618,574,585,544,559,530,478,545,591,506,492,446,565,539
Sydney Metro Contract 5,School Student,18869,43686,32966,29215,46283,18087,2487,40017,48195,16815,49281,39762,19343,41402,27328,26725,33170,12019,2429,32537,38112,15185,38572,29891,15925,33908,29273,19672,33960,17099,2621,38868,45211,23064
Sydney Metro Contract 5,Senior/Pensioner,97341,109677,107088,105051,112180,105763,97595,100073,114394,96433,116945,107627,105544,112661,109448,109115,113980,102841,101840,104736,116446,104108,120125,105394,114527,119100,110976,115385,118461,112940,108507,112626,121856,111920
Sydney Metro Contract 5,Day Pass without SAF,,,,,,,,,,,,,,,,,,,,,,,,,,3,,7,3,3,8,3,24,12
Sydney Metro Contract 6,Adult,2410236,2615554,2437412,2451474,2556355,2334068,2287165,2351875,3067464,2539878,2888676,2611227,2727256,2935236,2738208,2924209,2964461,2596538,2614731,2695099,3053020,2780262,3326922,3052246,1271,,,,,,,,,
Sydney Metro Contract 6,Adult Single Bus Trip 1,,16742,12806,13846,14339,14499,13891,11685,13657,12088,12141,10593,11487,10770,11247,11718,11049,11570,9101,8168,10383,9615,9821,8558,9,,,,,,,,,
Sydney Metro Contract 6,Adult Single Bus Trip 2,,6727,4763,4998,5224,5379,5229,4285,5256,4353,4544,4184,4422,3955,4011,4372,4153,4373,3482,2956,3851,3579,3495,3026,4,,,,,,,,,
Sydney Metro Contract 6,Adult Single Bus Trip 3,,659,412,471,498,494,462,387,456,412,384,342,360,323,288,358,356,350,279,280,365,316,311,255,,,,,,,,,,
Sydney Metro Contract 6,Child/Youth,139732,113017,129479,132287,122608,157359,175191,124490,143930,164966,121108,124098,179635,132187,152574,152281,135371,175919,198278,143392,151935,177697,135249,135719,52,,,,,,,,,
Sydney Metro Contract 6,Child/Youth Single Bus Trip 1,,4596,3114,3030,2728,3168,3300,1658,1895,2647,1767,1707,2391,1612,2004,1920,1398,1935,1625,805,1125,1413,949,952,,,,,,,,,,
Sydney Metro Contract 6,Child/Youth Single Bus Trip 2,,1800,1234,1235,1002,1399,1410,725,803,1182,718,685,1045,734,894,814,630,956,777,367,588,698,439,421,,,,,,,,,,
Sydney Metro Contract 6,Child/Youth Single Bus Trip 3,,164,114,118,87,117,108,53,82,129,57,59,91,71,71,71,59,97,65,33,63,47,52,44,,,,,,,,,,
Sydney Metro Contract 6,Concession,262299,405639,327430,324136,256357,185338,177171,211073,466234,339626,427677,308893,258664,479038,364767,381561,299290,203285,192835,233515,439961,359541,482743,346264,163,,,,,,,,,
Sydney Metro Contract 6,Employee,19783,22013,22077,21665,23734,22975,20473,21902,26529,22590,25672,23489,24112,25222,23875,24335,25554,22019,20991,22843,24846,22578,26997,24665,13,,,,,,,,,
Sydney Metro Contract 6,Free Travel,3328,4137,4267,4214,4837,4736,4542,4559,5672,4850,5575,5316,5719,6151,5544,5811,6167,5289,5209,5496,5995,5524,6330,6236,,,,,,,,,,
Sydney Metro Contract 6,School Student,53202,121139,88067,79943,107029,41947,8005,107824,127872,44894,122296,94043,55308,123484,81246,80727,102449,37485,8572,114515,122799,53969,142389,116246,,,,,,,,,,
Sydney Metro Contract 6,Senior/Pensioner,603906,663161,656139,663452,700294,662857,616555,624926,753269,662986,724664,670082,705632,736567,698275,721404,746741,682047,663050,681193,741434,682103,806250,727614,140,,,,,,,,,
Sydney Metro Contract 6,Day Pass Child/Youth w/o SAF,,,,,,,,,,,,,,1,7,4,,,,,,,,,,,,,,,,,,
Sydney Metro Contract 6,Day Pass without SAF,,,,,,,,,,,,,,1,13,6,,,,,4,10,14,17,,,,,,,,,,
SBSC Contract 6,Adult,,,,,,,,,,,,,,,,,,,,,,,,,3310834,3642256,3360023,3535201,3575593,3095814,3205800,3346669,3746945,3318638
SBSC Contract 6,Adult Single Bus Trip 1,,,,,,,,,,,,,,,,,,,,,,,,,7108,6118,5240,5756,5290,5296,5173,4051,3806,3447
SBSC Contract 6,Adult Single Bus Trip 2,,,,,,,,,,,,,,,,,,,,,,,,,3000,2537,2148,2365,2158,2265,2102,1803,1697,1590
SBSC Contract 6,Adult Single Bus Trip 3,,,,,,,,,,,,,,,,,,,,,,,,,319,250,234,313,266,267,287,211,225,195
SBSC Contract 6,Child/Youth,,,,,,,,,,,,,,,,,,,,,,,,,203734,154706,151015,189215,155544,193351,231994,169494,175448,192617
SBSC Contract 6,Child/Youth Single Bus Trip 1,,,,,,,,,,,,,,,,,,,,,,,,,1104,639,608,869,535,619,754,414,364,424
SBSC Contract 6,Child/Youth Single Bus Trip 2,,,,,,,,,,,,,,,,,,,,,,,,,570,334,322,441,254,348,370,164,166,258
SBSC Contract 6,Child/Youth Single Bus Trip 3,,,,,,,,,,,,,,,,,,,,,,,,,60,38,29,50,26,49,52,24,33,40
SBSC Contract 6,Concession,,,,,,,,,,,,,,,,,,,,,,,,,297114,513127,405273,419701,324502,219004,218243,302385,511567,410129
SBSC Contract 6,Employee,,,,,,,,,,,,,,,,,,,,,,,,,26035,27077,25204,27235,27663,24942,24430,24931,26559,24387
SBSC Contract 6,Free Travel,,,,,,,,,,,,,,,,,,,,,,,,,6994,7691,6906,7011,7436,6700,6718,6839,7546,6569
SBSC Contract 6,School Student,,,,,,,,,,,,,,,,,,,,,,,,,64031,149272,130973,84101,137746,62450,11694,161665,177516,95558
SBSC Contract 6,Senior/Pensioner,,,,,,,,,,,,,,,,,,,,,,,,,800753,847959,790670,807285,840984,784972,761496,787970,849506,787237
SBSC Contract 6,On Demand,,,,,,,,,,,,,,,,,,,,,,,,,1521,2570,2497,3000,3156,3844,4270,5527,6960,
SBSC Contract 6,Day Pass Child/Youth w/o SAF,,,,,,,,,,,,,,,,,,,,,,,,,1,1,,1,2,7,,1,22,1
SBSC Contract 6,Day Pass without SAF,,,,,,,,,,,,,,,,,,,,,,,,,21,35,27,53,55,31,70,73,117,98
Sydney Metro Contract 7,Adult,1615630,1765221,1623332,1608819,1726702,1520498,1482216,1598062,1851181,1484682,1831342,1622887,1658338,1793093,1641830,1718746,1807674,1555589,1600683,1677417,1835385,1655426,1923974,1739114,1820352,1958776,1783126,1984082,2045621,1742609,1824645,1927853,2121425,1852062
Sydney Metro Contract 7,Adult Single Bus Trip 1,,7796,5791,5919,6279,5702,5815,4661,5798,4801,5225,4525,4694,4585,4616,4714,4713,5074,4036,3414,4228,2580,1332,1314,1322,1210,1187,1016,1262,746,728,394,459,144
Sydney Metro Contract 7,Adult Single Bus Trip 2,,5332,3832,4302,4355,4267,3978,3297,3823,3568,3665,3297,3318,3144,3032,3318,3144,3545,2708,2524,2981,1796,919,905,964,925,839,753,997,688,559,380,395,130
Sydney Metro Contract 7,Adult Single Bus Trip 3,,2433,1573,1763,1795,1929,1708,1387,1671,1528,1458,1471,1510,1268,1239,1337,1204,1548,1127,945,1253,732,370,359,326,345,307,316,385,277,266,156,174,65
Sydney Metro Contract 7,Child/Youth,128451,109290,121985,125165,119879,137529,148314,120764,126221,138672,114682,108564,144479,113175,127230,128015,120335,142149,161300,126384,127913,143206,114476,111480,156120,122100,116670,151484,129800,149715,175767,138602,142599,151815
Sydney Metro Contract 7,Child/Youth Single Bus Trip 1,,2580,1555,1520,1291,1524,1643,820,953,1300,877,714,1176,652,804,753,637,953,919,429,541,477,166,183,304,142,199,200,201,121,148,61,63,27
Sydney Metro Contract 7,Child/Youth Single Bus Trip 2,,1712,1172,1144,992,1250,1271,655,839,1102,678,651,973,568,683,673,545,872,783,328,516,425,171,132,246,145,153,163,126,101,120,55,54,15
Sydney Metro Contract 7,Child/Youth Single Bus Trip 3,,439,297,302,264,329,368,219,220,261,183,172,266,155,157,152,126,220,197,89,111,110,43,43,51,35,30,39,30,48,35,16,15,7
Sydney Metro Contract 7,Concession,140995,196428,154998,153843,132648,105962,96696,121569,213253,145320,192197,137650,129483,198785,154215,160979,139695,109913,105384,124627,203544,157590,193257,143692,134425,205497,160149,178982,150245,117299,111408,142707,225748,175178
Sydney Metro Contract 7,Employee,9382,10956,10284,10304,10879,9644,9235,9796,11223,8995,11314,9925,10426,11193,10041,10280,10905,9699,9652,10552,10848,10021,11757,10485,11031,11601,10792,11556,11806,10391,10381,11328,12328,10731
Sydney Metro Contract 7,Free Travel,2229,2910,2894,2861,3274,3224,2898,3114,3671,3192,3919,3203,3203,3829,3482,3509,3752,3343,3191,3556,3672,3143,3580,3382,3254,3858,3617,3996,3840,3493,3450,3723,3925,3485
Sydney Metro Contract 7,School Student,93651,206633,150923,136177,183438,72876,13550,176614,200648,70419,203867,155754,90467,194843,128674,129911,166889,63226,15338,182224,188698,79586,205839,177707,89462,211198,180431,118271,199061,92569,17960,217183,244722,125519
Sydney Metro Contract 7,Senior/Pensioner,337392,371269,357494,363759,386734,354792,329316,346168,383812,329615,387987,344678,357246,374768,347430,357664,376180,342884,337525,346531,375753,340900,384081,349693,370866,390498,360282,375496,392540,368957,355381,374719,402044,368423
Sydney Metro Contract 7,Day Pass Child/Youth w/o SAF,,,,,,,,,,,,,,3,1,1,,,,,,,7,1,,,1,,,,1,23,29,9
Sydney Metro Contract 7,Day Pass without SAF,,,,,,,,,,,,,,6,17,11,,,,,,24,40,36,49,49,37,65,62,52,90,81,139,85
Sydney Metro Contract 8,Adult,1378464,1481277,1414288,1422771,1531241,1402114,1396014,1451894,1625199,1322167,1589276,1399184,1433325,1513343,1432577,1498725,1580520,1492455,1545127,1606736,1729743,1563763,1748320,1581014,1631091,1708131,1604016,1708870,1791653,1629689,1703377,1744439,1868998,1663540
Sydney Metro Contract 8,Adult Single Bus Trip 1,,16915,13511,15234,17099,19044,18805,14463,14948,13311,12984,11549,12167,11531,12008,11847,11495,13400,10155,8422,10320,10273,9480,7593,8101,6721,6706,5814,7485,4966,4199,2948,3008,939
Sydney Metro Contract 8,Adult Single Bus Trip 2,,12476,9580,11191,12060,14069,13384,9842,10268,9051,9176,7692,8228,7425,7665,7845,7809,8431,5986,4674,6306,5973,5145,4160,4393,3745,3847,3278,4556,3198,2813,1841,1800,566
Sydney Metro Contract 8,Adult Single Bus Trip 3,,9117,6854,7762,8412,9885,8967,6994,7342,6317,6407,5714,5359,5051,4875,4929,4642,3778,2528,1962,2459,2289,1963,1585,1657,1283,1378,1263,1611,1323,1082,720,722,256
Sydney Metro Contract 8,Child/Youth,134349,116247,135703,144280,130829,175222,194384,130107,133052,160088,121374,122614,163053,122519,151510,147590,131158,207101,233138,153617,164998,203965,143412,144440,200644,143667,152139,190799,157419,220156,261796,169104,177396,209836
Sydney Metro Contract 8,Child/Youth Single Bus Trip 1,,4804,3948,4392,3920,6131,7538,2943,3184,5153,2682,2848,4750,2465,3875,3878,2668,4639,4529,1469,2439,3967,1934,1909,3250,1590,1880,2013,1839,1810,2124,846,794,275
Sydney Metro Contract 8,Child/Youth Single Bus Trip 2,,3614,2972,3398,2588,4849,5692,2206,2225,3570,1916,2131,3406,1824,2950,2739,1773,3182,2851,981,1591,2492,1271,1130,1860,935,1090,1197,1106,1140,1339,519,533,170
Sydney Metro Contract 8,Child/Youth Single Bus Trip 3,,1497,1328,1398,1113,2143,2481,1034,1165,1586,944,1038,1765,848,1384,1227,896,1132,986,354,579,695,367,336,544,258,336,340,352,407,428,160,133,51
Sydney Metro Contract 8,Concession,105937,113289,93371,92481,82857,72425,67831,77032,125155,93117,116551,84566,78570,119114,95579,97170,85579,76324,72030,82425,131718,107053,127967,97335,87870,132489,107824,106324,93274,78009,75351,90816,139800,114737
Sydney Metro Contract 8,Employee,10210,11720,11260,10914,12121,10820,10036,10782,12365,10281,12849,11000,11323,11717,11006,10959,11675,12219,11662,12577,13654,12964,14572,13397,14005,14785,13431,13802,14418,13268,13803,13605,14747,13035
Sydney Metro Contract 8,Free Travel,2346,3289,3288,3248,3575,3413,2890,3161,3509,2982,3712,3222,3227,3591,3549,3724,3802,3462,3219,3687,3803,3278,3779,3300,3494,3538,3302,3657,3847,3527,3397,3690,3775,3484
Sydney Metro Contract 8,School Student,91736,210146,151725,139361,182003,63503,11814,182160,222316,76683,224780,166637,91596,204063,137703,141035,178231,63368,13488,196148,216600,89978,230038,190374,89426,215577,183596,117941,195805,82512,16220,215980,232636,117194
Sydney Metro Contract 8,Senior/Pensioner,248198,270937,264855,272806,289479,272046,254198,255178,285878,251841,285568,250600,261186,273252,260525,269106,287840,279818,273803,280867,303994,285486,311518,277466,292942,304837,288686,302105,319820,310074,300255,305386,326129,306114
Sydney Metro Contract 8,Day Pass Child/Youth w/o SAF,,,,,,,,,,,,,,,4,,,,,,3,,3,,,,,2,1,4,2,,,3
Sydney Metro Contract 8,Day Pass without SAF,,,,,,,,,,,,,,,8,,,,,,1,12,20,11,13,7,4,25,12,24,53,31,33,13
Sydney Metro Contract 9,Adult,4376415,4713740,4470762,4626745,4844537,4521730,4515985,4473069,4877665,4027845,4546395,3940423,4171010,4441330,4221831,4533632,4586715,4317876,4470938,4418599,4975155,4443395,4450372,3857967,3784091,3996848,3780960,4230417,4348716,3961022,4181004,4248036,4591950,4087039
Sydney Metro Contract 9,Adult Single Bus Trip 1,,21263,16869,19287,20575,22417,22633,18347,18308,15255,14840,12956,14164,13514,13286,14980,14275,17703,14011,11892,16219,14768,13215,11661,11916,10536,9746,8318,10276,8100,7149,4543,4782,1702
Sydney Metro Contract 9,Adult Single Bus Trip 2,,15272,11441,13870,15224,17859,18332,13773,13631,12053,10557,9291,10325,9666,9450,11142,10705,13129,9749,8192,10756,9536,7877,6822,7684,6820,6102,4781,6378,5346,4656,2689,2577,841
Sydney Metro Contract 9,Adult Single Bus Trip 3,,1757,1388,1417,1672,2015,1851,1489,1358,1111,1121,914,1007,1000,1006,1025,1043,1270,952,803,1032,916,755,701,595,550,477,429,641,395,328,162,125,49
Sydney Metro Contract 9,Child/Youth,208559,162861,193811,208250,179124,254422,303071,186973,190071,220170,152934,153495,228580,162546,199559,196335,167175,251592,297023,195538,206710,237543,149065,143711,208301,146789,149866,196084,162071,225064,289468,192773,184782,217975
Sydney Metro Contract 9,Child/Youth Single Bus Trip 1,,4605,3156,3541,2872,3915,4406,2119,2109,2803,1747,1729,2629,1497,1903,1947,1399,2427,2099,996,1381,2089,1167,1192,1699,984,982,1033,953,1008,1033,342,390,150
Sydney Metro Contract 9,Child/Youth Single Bus Trip 2,,2234,1616,1673,1377,2120,2357,1114,1040,1624,1022,968,1508,928,1110,1047,764,1482,1207,597,751,1128,663,644,1111,689,542,531,511,633,511,215,187,87
Sydney Metro Contract 9,Child/Youth Single Bus Trip 3,,185,204,216,160,275,249,124,131,162,104,105,134,116,111,95,86,149,133,60,83,97,60,48,80,51,49,47,63,50,35,10,11,5
Sydney Metro Contract 9,Concession,400008,742957,584827,579125,402512,269739,266307,355399,742207,485584,659665,369357,353327,674727,513857,527508,361080,241878,241553,334576,680976,524471,599075,338131,318925,590633,440820,468530,314144,201406,214369,381440,602591,503197
Sydney Metro Contract 9,Employee,22441,25072,25067,25676,26815,24678,23704,23871,25023,21097,24727,21676,22261,23963,22434,22999,23561,23068,22588,22621,25033,22581,23442,20688,21029,21118,19167,20773,21081,19590,21420,20603,21685,19802
Sydney Metro Contract 9,Free Travel,4861,6214,6423,6624,6961,6569,6039,6434,7123,6086,7097,6370,6632,6985,6614,6733,6965,6424,6361,6834,7706,6944,7329,6603,6690,7300,6735,7330,7203,6597,6521,6843,7219,6311
Sydney Metro Contract 9,School Student,55279,117948,85923,73922,98117,43798,7647,92148,100379,34793,103034,77588,42997,94833,66347,65378,85244,36637,8447,90931,93183,40016,99202,77439,35412,84748,75008,49003,83375,40739,8811,91119,95033,48734
Sydney Metro Contract 9,Senior/Pensioner,795776,850777,842193,873683,905139,854703,815752,802867,844271,744820,838307,741271,774154,792656,758946,799779,814071,785883,778581,771031,838621,776252,776675,683961,680611,702097,663368,739818,752380,725301,716345,713535,765227,718314
Sydney Metro Contract 9,Day Pass Child/Youth w/o SAF,,,,,,,,,,,,,,1,,,,,,,,2,,1,1,,,1,,3,1,,10,11
Sydney Metro Contract 9,Day Pass without SAF,,,,,,,,,,,,,,2,7,16,,,,,1,8,29,12,9,12,19,12,41,53,61,45,70,60
Sydney Metro Contract 10,Adult,234451,250395,239287,236918,256027,227456,216547,240760,291308,236946,302048,268909,268804,286771,272822,283985,294327,254984,254654,271544,309397,279281,324698,285549,298326,318719,294307,310159,320409,271779,275888,295751,325870,287377
Sydney Metro Contract 10,Adult Single Bus Trip 1,,8886,7924,7248,7207,7119,6237,6054,6457,5935,6321,5354,5682,5023,5140,4858,5037,4815,4972,4709,5203,4748,4811,3973,4146,4069,3454,3839,3674,3440,3708,3435,3532,3375
Sydney Metro Contract 10,Adult Single Bus Trip 2,,3584,3089,2601,2738,2517,2241,2286,2206,2162,2073,1780,2059,1837,1697,1636,1571,1750,1586,1515,1774,1508,1476,1218,1392,1314,1263,1274,1211,1200,1242,1264,1264,1173
Sydney Metro Contract 10,Adult Single Bus Trip 3,,552,447,339,393,375,331,249,288,242,277,223,250,228,184,201,194,246,180,189,196,172,150,142,174,180,123,159,111,145,125,103,132,121
Sydney Metro Contract 10,Child/Youth,41035,50143,50009,49637,51113,49392,44616,52278,53951,46402,50417,44977,53443,48426,52017,49977,48250,48576,50281,50213,51226,49010,51673,44757,53034,50573,48678,53558,51235,47870,49444,57487,58701,51094
Sydney Metro Contract 10,Child/Youth Single Bus Trip 1,,4513,3920,3237,2646,3113,2930,1684,1698,2540,1648,1494,2476,1402,1913,1564,1309,2002,2327,1187,1120,1731,1087,900,1520,970,998,1606,1051,1274,1823,915,921,1349
Sydney Metro Contract 10,Child/Youth Single Bus Trip 2,,1564,1524,1250,923,1232,1313,630,623,1061,629,664,1120,610,1007,802,576,978,1145,548,565,880,434,374,714,452,447,746,394,629,963,385,418,660
Sydney Metro Contract 10,Child/Youth Single Bus Trip 3,,194,210,210,113,260,229,60,63,154,63,76,155,51,99,97,43,114,148,62,76,119,48,41,91,40,38,68,49,72,108,39,36,78
Sydney Metro Contract 10,Concession,52410,51901,40911,39135,32552,22664,20293,27797,57600,39963,56326,37956,30316,55548,43456,44365,36305,23797,21669,28631,54722,43947,55106,36521,31509,53568,42985,42564,35617,22640,21070,29869,49185,39932
Sydney Metro Contract 10,Employee,,,,,,,,1,,,1,1,,,,,,,,,,,1,,3,731,1015,1053,1153,960,1065,1140,1294,1106
Sydney Metro Contract 10,Free Travel,966,1098,1269,1210,1301,1179,1044,1172,1279,1089,1301,1286,1277,1410,1167,1266,1354,1181,1269,1214,1329,1281,1506,1274,1418,1415,1333,1407,1396,1254,1324,1427,1576,1310
Sydney Metro Contract 10,School Student,65516,220189,164256,156004,201794,74117,11901,190970,217540,69168,207357,161561,79674,175969,116676,121705,150327,50669,11115,159157,173079,71504,209239,171633,90132,196846,169976,115333,188428,81812,12974,221342,241640,121919
Sydney Metro Contract 10,Senior/Pensioner,140185,153533,148814,147694,158957,149020,133586,142519,158437,137291,164910,149684,148574,154600,149073,150649,160252,146983,142394,146352,159962,144220,165518,144096,155130,161226,148872,154590,161383,149430,143674,151259,161145,148457
Sydney Metro Contract 10,Day Pass Child/Youth w/o SAF,,,,,,,,,,,,,,,,,,,,,,,,,,,,,,,1,5,,
Sydney Metro Contract 10,Day Pass without SAF,,,,,,,,,,,,,,,3,1,,,,,1,6,6,12,2,6,,3,9,2,9,6,7,10
Sydney Metro Contract 12,Adult,83809,94998,90354,87087,96978,79486,79241,94574,108937,80438,109828,98774,97042,109737,98930,103227,109645,87144,88411,104102,112426,98133,119591,102444,106136,116446,104826,112918,118319,88956,98992,114156,122079,102741
Sydney Metro Contract 12,Adult Single Bus Trip 1,,1579,1257,1141,1010,1073,907,971,1219,1101,1125,1012,981,956,924,963,979,1018,987,773,840,844,822,613,742,644,625,694,588,649,787,699,732,658
Sydney Metro Contract 12,Adult Single Bus Trip 2,,585,512,392,395,417,357,296,402,357,336,371,318,339,323,293,304,371,315,240,304,218,290,193,272,243,299,311,350,265,266,307,418,300
Sydney Metro Contract 12,Adult Single Bus Trip 3,,45,28,25,25,33,18,20,18,20,22,27,29,22,15,28,14,34,34,21,23,16,18,10,20,16,17,22,22,9,13,8,18,17
Sydney Metro Contract 12,Child/Youth,25578,35205,32041,30911,33343,27406,23358,33771,35886,25978,34193,31537,30470,33980,32313,32349,33834,29411,27392,34237,33354,28990,33879,29888,31535,35003,31976,33850,34124,29404,30168,39108,37390,31662
Sydney Metro Contract 12,Child/Youth Single Bus Trip 1,,744,728,636,514,689,786,301,345,639,337,368,574,261,419,372,241,416,564,210,200,452,236,179,376,184,204,364,139,273,500,209,188,302
Sydney Metro Contract 12,Child/Youth Single Bus Trip 2,,339,381,273,196,284,316,116,177,296,141,181,248,113,215,155,111,241,263,98,105,201,77,96,195,115,113,187,96,150,213,130,142,176
Sydney Metro Contract 12,Child/Youth Single Bus Trip 3,,12,9,5,5,7,13,2,6,7,7,2,10,6,7,8,8,10,16,6,9,6,2,2,8,3,4,4,2,4,7,5,6,8
Sydney Metro Contract 12,Concession,14085,17429,13913,13563,11853,8367,7534,10246,19557,12675,18730,13540,11509,19157,14869,16317,13968,9148,8552,11291,19121,14629,19463,13652,12371,19963,15084,17533,14700,9902,9666,13774,21791,16909
Sydney Metro Contract 12,Employee,,,,,,1,,,,,,,,,,,,,,,,,,,,152,253,279,290,251,211,288,308,226
Sydney Metro Contract 12,Free Travel,142,297,270,279,281,211,246,339,386,279,396,384,351,405,414,434,451,343,287,414,496,374,517,487,519,680,540,570,605,416,419,537,526,409
Sydney Metro Contract 12,School Student,56735,152396,112543,105859,131423,52723,7842,129682,156230,50977,155764,127847,65495,150508,102286,105230,132684,50474,9971,133763,142250,57780,158401,135177,67530,157127,135961,89650,144925,64088,11665,159919,174666,87665
Sydney Metro Contract 12,Senior/Pensioner,32213,36664,36405,35199,36506,32540,29442,33773,37562,30956,38827,35336,35463,39133,36883,36717,39700,33369,31603,35356,38884,35011,41357,35503,37525,41561,37625,37645,40274,35695,34549,39946,41582,37795
Sydney Metro Contract 12,Day Pass without SAF,,,,,,,,,,,,,,,,,,,,,,,,,,,,1,,,,1,3,1
Sydney Metro Contract 13,Adult,263240,279834,263035,260152,281606,249621,237053,264926,313532,253071,322019,289933,297416,322635,303667,311883,325287,274887,278410,298716,343573,317485,359814,319022,340783,364258,338287,359647,370747,313951,317905,337601,372574,331765
Sydney Metro Contract 13,Adult Single Bus Trip 1,,14726,12937,11624,11667,11105,10406,10340,10674,9455,10259,8858,9592,9340,9057,9043,8852,8769,8599,8078,8995,8446,8210,7072,7698,7080,6789,7331,7168,6822,6861,6337,6722,6431
Sydney Metro Contract 13,Adult Single Bus Trip 2,,7782,6366,5537,5447,5209,4489,4807,5150,4186,4556,3742,3913,3608,3484,3772,3498,3350,3155,3094,3605,3245,3145,2913,3491,3065,2716,3108,2956,2707,2986,2525,2854,2648
Sydney Metro Contract 13,Adult Single Bus Trip 3,,1002,789,645,665,689,583,593,594,476,497,413,483,394,400,388,331,363,362,332,497,429,468,421,472,415,453,502,442,421,428,363,397,358
Sydney Metro Contract 13,Child/Youth,34179,42795,43742,44668,46828,43004,40909,47383,49575,43318,47184,40736,48826,43786,45551,45712,44733,41810,43488,47834,48849,45187,44943,40075,48304,45968,44039,49285,47665,43246,45193,51407,51777,46751
Sydney Metro Contract 13,Child/Youth Single Bus Trip 1,,5513,4617,3721,3192,3293,2925,1733,1916,2446,1851,1714,2608,1646,1994,1846,1518,1870,2117,1205,1330,1932,1259,1125,1856,1241,1200,1601,1223,1354,1592,998,1167,1433
Sydney Metro Contract 13,Child/Youth Single Bus Trip 2,,2753,2282,1778,1382,1833,1831,911,1022,1333,882,849,1328,795,1017,1054,743,1129,1213,647,772,1098,643,623,1081,682,564,807,604,727,924,537,572,811
Sydney Metro Contract 13,Child/Youth Single Bus Trip 3,,289,215,167,151,185,166,92,126,115,84,93,140,94,99,95,74,147,117,75,96,112,48,48,92,64,66,83,84,71,90,57,69,105
Sydney Metro Contract 13,Concession,76144,62938,51314,45393,43425,33870,31434,42662,75704,50139,68588,45985,48390,70389,54895,54121,48930,35108,32155,39543,72771,57767,71017,48191,47919,69393,55990,52069,49243,34703,32212,39800,66999,54317
Sydney Metro Contract 13,Employee,,,,,,1,,,,,,,,,,1,,,,1,1,,,2,,394,736,804,910,801,891,1079,1178,1090
Sydney Metro Contract 13,Free Travel,686,880,1048,1078,1154,1019,986,1090,1317,1066,1459,1294,1322,1342,1390,1553,1442,1365,1248,1251,1646,1433,1642,1529,1531,1601,1512,1436,1459,1442,1514,1580,1754,1495
Sydney Metro Contract 13,School Student,45215,136851,101113,98892,130477,51629,7339,118174,143882,48486,144221,118236,61170,131638,88885,91423,114782,40449,7441,112255,123560,51380,142399,117419,62197,135611,118535,78478,128969,59983,7522,136563,153841,78775
Sydney Metro Contract 13,Senior/Pensioner,181546,201421,195472,197407,207338,194184,178736,186838,210496,180812,214944,193695,197792,204738,195088,197307,203764,186396,183439,188939,205724,188874,210494,186806,199021,209643,194102,200533,208079,191148,185487,194311,207364,189810
Sydney Metro Contract 13,Day Pass Child/Youth w/o SAF,,,,,,,,,,,,,,,,,,,,,1,,1,,,,,,2,,,,2,
Sydney Metro Contract 13,Day Pass without SAF,,,,,,,,,,,,,,,6,3,,,,,,,,9,1,5,2,1,15,9,7,15,29,16
Sydney Metro Contract 14,Adult,200819,226151,213022,205515,227850,192524,187152,207945,238947,187020,242278,217785,216861,240338,224987,229649,243119,200526,205766,230624,242155,221657,261294,225061,238043,255583,231741,253799,265286,226013,240297,259026,276743,243192
Sydney Metro Contract 14,Adult Single Bus Trip 1,,1269,1356,1187,1321,1336,1317,1228,1088,1093,1049,948,939,923,1074,990,967,1117,1051,893,979,957,927,791,876,778,679,774,819,948,955,689,660,618
Sydney Metro Contract 14,Adult Single Bus Trip 2,,1329,1261,1059,1261,1319,1088,968,1153,1002,977,970,820,734,830,876,793,1017,772,721,762,752,691,607,613,558,574,600,580,674,693,496,513,488
Sydney Metro Contract 14,Adult Single Bus Trip 3,,1797,1543,1558,1515,1672,1530,1209,1470,1308,1339,1249,1193,1089,1086,1163,1361,1436,1322,1096,1226,1051,1117,872,867,858,769,810,794,1041,954,788,763,824
Sydney Metro Contract 14,Child/Youth,38057,36568,39289,39577,40823,46241,45737,39493,41939,44518,40307,39528,47226,38915,45708,43634,42317,48543,52760,43962,43714,50902,41717,39780,52808,41442,40984,49902,41571,50918,57382,43791,45864,50600
Sydney Metro Contract 14,Child/Youth Single Bus Trip 1,,828,742,801,547,781,876,401,437,731,391,419,700,390,547,534,370,680,796,364,363,646,340,258,536,319,383,522,282,489,544,202,216,387
Sydney Metro Contract 14,Child/Youth Single Bus Trip 2,,880,927,799,574,891,949,476,509,858,382,464,649,411,592,568,373,702,849,349,398,647,331,326,535,255,279,488,277,443,511,180,224,416
Sydney Metro Contract 14,Child/Youth Single Bus Trip 3,,725,634,541,351,546,680,239,357,539,272,242,460,226,358,313,204,427,550,193,247,366,172,161,304,149,156,272,162,352,389,134,127,209
Sydney Metro Contract 14,Concession,23618,30863,23723,24276,20264,15456,14392,17075,34384,23580,33322,22709,18930,34356,25656,26996,21104,15407,14267,18660,33432,25935,33789,22660,19679,34178,26013,27846,21349,16358,16401,21387,36762,28582
Sydney Metro Contract 14,Employee,,,,,,,,,,,,,,,,,,,,,,,,,,104,172,206,287,182,187,183,228,168
Sydney Metro Contract 14,Free Travel,214,315,299,341,396,281,273,355,414,336,464,334,378,470,406,447,461,380,410,462,466,468,535,514,467,470,460,479,506,464,426,537,523,522
Sydney Metro Contract 14,School Student,34611,84434,59357,56970,79098,26092,4387,80242,97686,33381,99745,74838,41187,97254,64965,68069,89154,26070,6549,94862,98230,38328,104276,87198,36069,97354,83119,54654,92777,32939,8298,100806,103031,50476
Sydney Metro Contract 14,Senior/Pensioner,42259,47754,47164,47474,51611,45309,41054,43635,50161,42687,52288,46610,47595,51489,47838,49121,52449,45172,43303,47686,50339,47500,53250,47509,50147,52479,48142,50842,52557,47437,45445,51001,54006,49464
Sydney Metro Contract 14,Day Pass without SAF,,,,,,,,,,,,,,,1,,,,,,,2,4,4,,,,,,,3,1,,2
Sydney Metro Contract 15,Adult,80130,76414,73612,74203,77717,69636,64966,73123,85436,68583,84855,75876,78868,83529,81423,85182,87719,74081,75244,85718,93964,83842,97982,85475,93526,98614,90834,96325,98135,84196,84388,95214,104758,92046
Sydney Metro Contract 15,Adult Single Bus Trip 1,,10013,9549,9479,9688,9826,9568,9075,9705,8871,9538,8833,9782,8986,8712,9488,9319,9053,9089,8939,8936,8633,9030,7490,8248,7211,6559,7281,7614,7553,7715,7293,7884,7010
Sydney Metro Contract 15,Adult Single Bus Trip 2,,5564,5055,4884,4761,4493,4126,4182,4373,3979,4399,3848,4028,3382,3118,3074,3097,2991,2890,2712,2968,2775,3068,2364,2808,2637,2352,2657,2548,2543,2438,2377,2433,2423
Sydney Metro Contract 15,Adult Single Bus Trip 3,,901,736,699,738,687,664,677,740,616,825,632,685,627,546,586,552,558,551,498,608,584,588,317,442,488,460,532,465,473,423,416,452,456
Sydney Metro Contract 15,Child/Youth,16836,19654,19977,20650,20109,21187,21643,22286,25453,21835,23314,21007,25820,22532,25797,26133,26662,25154,24647,30134,32177,27055,31145,27590,29152,30407,26869,28632,28898,24244,24698,28663,29223,24966
Sydney Metro Contract 15,Child/Youth Single Bus Trip 1,,4310,4342,3954,3483,4171,4346,2936,3125,3832,2883,2760,4479,2656,3739,3404,3246,3998,4120,2781,3086,3482,2662,2486,3745,2585,2362,3124,2662,2815,3571,2146,2263,2845
Sydney Metro Contract 15,Child/Youth Single Bus Trip 2,,2031,1910,1833,1418,2046,2265,1263,1420,2039,1104,1185,2244,1120,1527,1432,1214,1685,1819,1050,1176,1508,989,1027,1721,1033,972,1348,956,1279,1448,819,898,1273
Sydney Metro Contract 15,Child/Youth Single Bus Trip 3,,306,312,307,169,378,510,209,210,322,162,197,314,111,203,173,113,292,373,124,132,283,130,130,206,109,167,236,143,199,367,140,192,220
Sydney Metro Contract 15,Concession,43454,24623,19490,19478,15317,12036,10790,13783,26157,17937,23701,15990,16694,24732,19285,20043,16132,12156,11268,14123,25485,20570,26695,16871,17858,26337,21095,19264,15919,11150,10823,13597,24328,19699
Sydney Metro Contract 15,Employee,,,,,,,,,,,,,,,,,,,,,,,,,,387,600,672,699,621,670,839,814,710
Sydney Metro Contract 15,Free Travel,685,851,886,880,831,797,716,803,920,766,914,717,752,857,852,984,999,827,997,831,918,860,1044,921,967,1068,883,937,986,922,989,948,1063,1013
Sydney Metro Contract 15,School Student,31033,75284,53234,50290,64509,23368,3520,65626,86080,29897,79724,60600,30774,72152,60974,63235,86829,31377,7622,129588,150871,67131,164218,129922,67000,150272,129309,85090,137956,58292,8822,138694,148722,75835
Sydney Metro Contract 15,Senior/Pensioner,55835,63588,61336,61674,64849,59891,54179,57995,64552,55661,63997,59487,59378,62294,59695,61440,64635,56585,55703,58520,64419,57070,66575,59779,64010,67052,60539,64523,66138,60611,57351,62095,67717,61391
Sydney Metro Contract 15,Day Pass Child/Youth w/o SAF,,,,,,,,,,,,,,,1,2,,,,,6,1,4,,,4,,,,2,,1,,5
Sydney Metro Contract 15,Day Pass without SAF,,,,,,,,,,,,,,,17,2,,,,,5,6,5,2,14,15,7,13,15,10,22,19,12,26
Outer Sydney Metro Contract 1,Adult,3321,2632,2491,2692,2844,2260,2259,2981,3291,2473,3433,3103,3052,3256,3113,2917,3368,2782,2993,3301,3751,3515,4069,3569,3880,4087,3811,3957,4158,3286,3382,3932,4371,4016
Outer Sydney Metro Contract 1,Adult Single Bus Trip 1,,347,320,322,349,334,325,371,452,400,313,330,345,334,254,203,234,259,224,234,273,190,207,163,204,202,190,169,151,183,171,166,176,188
Outer Sydney Metro Contract 1,Adult Single Bus Trip 2,,324,303,269,320,252,211,253,316,245,257,190,210,179,176,196,189,183,194,192,216,228,308,242,291,323,218,268,265,254,244,224,241,271
Outer Sydney Metro Contract 1,Adult Single Bus Trip 3,,1453,1363,1282,1280,1184,976,1044,1229,1171,1192,1203,1231,1133,1038,955,841,932,971,921,928,883,1036,823,930,916,949,1025,869,832,770,738,722,706
Outer Sydney Metro Contract 1,Child/Youth,1202,1799,1700,1850,1956,1375,1117,1900,2476,1598,2980,2457,1925,2570,2253,2345,2254,1614,1458,2091,2455,1936,2478,2355,2136,2614,2365,2360,2527,1799,1866,2417,2686,2216
Outer Sydney Metro Contract 1,Child/Youth Single Bus Trip 1,,233,286,460,446,279,141,134,437,246,529,568,398,557,398,312,393,166,86,66,186,90,88,68,100,43,86,105,95,107,72,46,35,28
Outer Sydney Metro Contract 1,Child/Youth Single Bus Trip 2,,76,88,75,79,104,114,47,61,90,54,46,107,65,71,38,38,61,91,40,55,79,21,36,29,24,57,65,59,52,85,45,58,56
Outer Sydney Metro Contract 1,Child/Youth Single Bus Trip 3,,456,339,326,295,420,565,360,300,473,256,334,526,262,415,296,230,376,448,181,221,386,201,180,352,242,219,334,173,315,448,173,211,222
Outer Sydney Metro Contract 1,Concession,3995,1385,1029,1030,934,643,746,890,1766,1239,1843,1113,1057,1495,1064,1272,1133,879,856,1095,1455,1214,1717,1223,1105,1582,1479,1425,1193,879,883,1041,1556,1189
Outer Sydney Metro Contract 1,Employee,,,,,,,,,,,,,,,,,,,,,,,,,,,4,4,2,8,6,9,11,12
Outer Sydney Metro Contract 1,Free Travel,164,136,114,129,169,125,97,139,206,169,212,154,148,186,148,176,157,91,147,101,115,114,108,88,128,117,136,124,126,83,103,107,117,70
Outer Sydney Metro Contract 1,School Student,15491,36770,27728,28477,35905,11870,2341,29833,47985,16662,50365,45499,19383,49567,30807,35882,44737,12384,3046,39898,47276,20004,47241,40289,19637,44812,37721,25150,38525,12397,2562,34538,41901,21222
Outer Sydney Metro Contract 1,Senior/Pensioner,6197,7082,6746,7151,7755,6325,6620,6772,8372,6504,8328,7360,7842,7722,7492,7522,7860,6781,7034,7258,7834,7185,8856,7509,7788,8299,7327,7977,8091,7088,6960,7213,7883,7179
Outer Sydney Metro Contract 1,Day Pass Child/Youth w/o SAF,,,,,,,,,,,,,,,,,,,,,,,,,,,,,,,1,1,,
Outer Sydney Metro Contract 1,Day Pass without SAF,,,,,,,,,,,,,,,18,8,,,,,,11,21,24,23,23,29,24,27,37,34,32,32,25
Outer Sydney Metro Contract 2,Adult,13604,11461,11059,10628,11919,10379,10105,11257,13020,10316,12700,10781,11584,13219,11800,12119,13328,11705,12146,13618,14071,13237,15019,13351,14685,15769,13646,14732,14919,13709,14400,14908,15496,13622
Outer Sydney Metro Contract 2,Adult Single Bus Trip 1,,2809,2489,2144,2505,2471,2186,2363,2702,2206,2739,2407,2443,2450,2192,2104,2050,2100,1970,2206,2208,1950,2181,2019,1851,2026,1941,2100,2082,1948,2081,1988,1960,1817
Outer Sydney Metro Contract 2,Adult Single Bus Trip 2,,1919,1520,1349,1500,1393,1343,1193,1446,1178,1340,1261,1358,1169,1166,1128,1080,1130,1124,1145,1204,1123,1298,1136,1327,1198,1167,1319,1300,1279,1239,1164,1255,1017
Outer Sydney Metro Contract 2,Adult Single Bus Trip 3,,2009,1540,1505,1608,1449,1380,1185,1465,1192,1340,1156,1168,1166,1001,993,1050,1083,1114,918,973,928,1054,918,970,890,834,951,931,908,974,812,847,863
Outer Sydney Metro Contract 2,Child/Youth,4639,7487,6767,6861,8202,5864,5229,7448,8508,6533,8116,7334,6945,7511,6788,6774,7184,6257,6424,7234,7838,6936,7957,6796,7418,7634,7117,6988,7181,6307,6794,7765,8183,7352
Outer Sydney Metro Contract 2,Child/Youth Single Bus Trip 1,,719,631,616,640,693,691,441,457,592,402,480,737,422,462,462,343,641,741,357,427,576,406,374,636,428,470,606,400,631,783,370,389,485
Outer Sydney Metro Contract 2,Child/Youth Single Bus Trip 2,,426,482,368,356,509,686,274,265,480,293,313,573,279,376,345,262,542,728,279,360,535,297,312,690,388,364,533,402,573,733,308,354,425
Outer Sydney Metro Contract 2,Child/Youth Single Bus Trip 3,,495,582,588,451,729,1007,399,387,641,339,316,654,293,551,525,324,671,826,347,345,494,303,329,565,302,345,529,308,451,688,291,342,391
Outer Sydney Metro Contract 2,Concession,14488,4112,3544,3456,3646,3142,2807,3313,4663,3438,4362,3682,3806,4840,4176,4611,4407,3974,3729,4108,5386,4369,5123,4204,4246,5210,4556,4039,3805,3150,3026,3632,4250,3380
Outer Sydney Metro Contract 2,Employee,,,,,,,,,,,,,,,,,,,,,,,,,,18,11,5,16,17,33,16,19,9
Outer Sydney Metro Contract 2,Free Travel,397,482,560,495,554,489,452,440,536,490,530,429,465,435,504,489,530,427,360,381,436,466,575,450,626,582,501,520,445,548,432,494,572,485
Outer Sydney Metro Contract 2,School Student,68344,175183,123710,114898,145280,52893,8050,121762,150011,47328,140513,111170,56064,122083,76792,84242,96766,32570,5695,88189,91904,35917,91265,73910,37868,79963,65093,42751,66309,27089,4404,70966,82400,38666
Outer Sydney Metro Contract 2,Senior/Pensioner,26395,29523,28770,28502,30510,28317,26157,28057,32434,25827,31250,28116,28016,29513,27250,27432,29070,26594,26000,27301,29757,27021,30953,27471,29492,31140,27677,29607,30684,27235,27578,28964,31159,27150
Outer Sydney Metro Contract 2,Day Pass Child/Youth w/o SAF,,,,,,,,,,,,,,,7,,,,,,,,,,,,,,4,,,,,
Outer Sydney Metro Contract 2,Day Pass without SAF,,,,,,,,,,,,,,,1,6,,,,,1,2,8,3,3,3,2,4,9,4,6,5,5,8
Outer Sydney Metro Contract 3,Adult,7243,4471,4761,5446,5765,5969,5950,5639,6186,6281,5512,5133,5939,5633,5996,6288,6359,6637,6766,6193,6766,6849,6426,5738,6246,6295,6585,6171,7283,7780,8340,7586,7594,7819
Outer Sydney Metro Contract 3,Adult Single Bus Trip 1,,877,685,622,759,743,836,739,728,692,536,529,563,526,495,551,644,521,527,559,613,466,498,406,440,476,441,406,504,561,704,526,478,449
Outer Sydney Metro Contract 3,Adult Single Bus Trip 2,,1419,1171,1136,1183,1126,1279,1215,1111,1182,1033,985,1081,1033,978,946,993,968,961,835,919,967,983,717,791,748,708,760,878,916,933,668,697,643
Outer Sydney Metro Contract 3,Adult Single Bus Trip 3,,1721,1556,1543,1637,1394,1557,1569,1520,1603,1249,1021,1209,1176,1159,1154,1221,1186,1271,1108,1146,1208,1181,972,996,937,1142,1257,1192,1087,1251,983,1056,1017
Outer Sydney Metro Contract 3,Child/Youth,994,1341,1587,1811,2291,1982,2302,1597,1785,1994,1612,1514,2199,1644,2132,2082,2293,2391,2754,1576,1864,2330,1727,1623,2178,1752,1889,2603,2901,2425,3400,2036,2015,2022
Outer Sydney Metro Contract 3,Child/Youth Single Bus Trip 1,,135,210,212,195,262,476,196,183,267,159,163,266,125,209,193,184,260,374,209,247,251,140,154,339,190,190,192,166,240,315,102,87,234
Outer Sydney Metro Contract 3,Child/Youth Single Bus Trip 2,,586,727,786,713,933,1431,606,676,1020,641,543,881,556,876,772,652,1160,1280,663,667,935,587,519,789,523,568,776,541,817,1045,345,407,568
Outer Sydney Metro Contract 3,Child/Youth Single Bus Trip 3,,286,480,426,405,544,812,402,293,540,262,288,508,303,397,378,401,609,660,336,346,425,263,254,457,276,288,334,249,406,548,240,309,393
Outer Sydney Metro Contract 3,Concession,5628,1394,1133,1095,1196,914,863,933,1331,1013,1243,955,1100,1513,1240,1287,1390,1055,1097,1153,1502,1351,1883,1459,1513,1807,1697,1243,1309,1031,926,963,1351,1257
Outer Sydney Metro Contract 3,Employee,,,,,,,,,,,,,,,,,,,,,,,,,1,3,22,13,19,4,3,5,26,3
Outer Sydney Metro Contract 3,Free Travel,129,98,144,105,115,102,117,131,131,106,143,119,145,130,130,129,125,96,82,138,118,95,143,134,176,162,265,304,279,177,169,151,169,151
Outer Sydney Metro Contract 3,School Student,11464,25163,16782,14877,18997,6467,897,12682,15003,4639,13089,9600,4379,9885,6170,6050,6515,1954,482,5562,7487,2896,6612,4191,2290,4754,3816,12831,30744,11961,1668,21222,22752,11346
Outer Sydney Metro Contract 3,Senior/Pensioner,7850,8825,8860,8982,9847,9148,8850,8978,10000,8339,9637,8506,8675,9646,9051,8828,9457,8658,8464,8512,9529,8680,9685,7784,8761,9041,8373,8810,9338,8658,8614,8630,9156,8077
Outer Sydney Metro Contract 3,Day Pass Child/Youth w/o SAF,,,,,,,,,,,,,,,,,,,,,,,,,,,,,,,,,1,
Outer Sydney Metro Contract 3,Day Pass without SAF,,,,,,,,,,,,,,,1,,,,,,,,,1,1,3,1,1,,1,,1,,
Outer Sydney Metro Contract 4,Adult,14356,15736,14331,14123,15057,12652,11937,13623,17645,13194,16360,13671,15128,17178,14883,15523,16204,13360,14650,17146,19015,16288,19521,16318,17782,20359,18446,17688,17934,15456,15896,18132,20395,17072
Outer Sydney Metro Contract 4,Adult Single Bus Trip 1,,1870,1949,1762,1758,1569,1549,1666,1940,1604,2004,1638,1634,1562,1491,1441,1421,1509,1600,1441,1558,1563,1598,1424,1569,1568,1386,1411,1552,1386,1432,1355,1351,1412
Outer Sydney Metro Contract 4,Adult Single Bus Trip 2,,1957,1780,1759,1667,1453,1344,1298,1499,1242,1401,1113,1366,1201,1133,1086,1033,1208,1186,1092,1332,1137,1236,1093,1237,1169,1099,1032,1134,1115,1145,1091,1196,1022
Outer Sydney Metro Contract 4,Adult Single Bus Trip 3,,428,358,358,386,354,313,340,389,300,337,264,294,301,280,231,218,285,296,276,284,261,291,223,339,270,243,249,267,264,295,211,230,254
Outer Sydney Metro Contract 4,Child/Youth,3347,4315,4561,4584,4323,4816,5873,5147,5672,5634,4966,4593,6722,5407,6081,5840,5271,6569,7527,5956,6350,7014,5811,5164,7217,5734,5582,6782,5151,6157,7914,5839,6449,6583
Outer Sydney Metro Contract 4,Child/Youth Single Bus Trip 1,,334,363,446,402,483,696,325,357,451,344,327,537,281,353,374,316,478,548,303,306,456,301,344,524,250,242,390,311,379,556,259,275,321
Outer Sydney Metro Contract 4,Child/Youth Single Bus Trip 2,,516,631,598,405,673,851,383,397,787,420,414,835,380,648,555,430,714,966,465,468,810,515,447,779,389,456,526,382,557,739,356,398,465
Outer Sydney Metro Contract 4,Child/Youth Single Bus Trip 3,,126,224,149,97,206,215,103,133,227,104,129,198,130,166,149,124,201,252,139,124,197,139,143,263,121,115,155,135,191,249,108,146,135
Outer Sydney Metro Contract 4,Concession,13257,6316,4982,5426,4795,3556,3261,4097,7806,5428,7922,4797,5051,7823,5594,5905,4985,3402,3605,4901,7993,5722,8003,5287,4957,7917,6346,5784,5062,3251,3125,4651,7299,5482
Outer Sydney Metro Contract 4,Employee,1,,,,,,1,,,,,,,,,,,,,,,,,,,40,85,93,101,92,72,104,104,97
Outer Sydney Metro Contract 4,Free Travel,122,172,226,193,233,247,206,210,279,209,331,274,220,183,216,240,222,216,211,192,265,208,292,301,276,325,310,304,324,258,309,263,321,310
Outer Sydney Metro Contract 4,School Student,13590,55277,40676,34432,41204,13560,2031,31459,35636,10664,31617,23864,11541,27277,17328,17366,19855,5862,1504,20641,22585,8664,21045,15897,7866,17780,13902,9745,15328,6057,1352,19379,21972,9996
Outer Sydney Metro Contract 4,Senior/Pensioner,24258,27222,26212,25738,27463,25419,23874,24631,28721,23378,28371,25359,25575,26980,25140,25285,26581,23377,24119,24940,26396,24819,29300,24708,27156,28413,25236,26147,27465,24778,24244,24728,26957,24452
Outer Sydney Metro Contract 4,Day Pass Child/Youth w/o SAF,,,,,,,,,,,,,,,,,,,,,,,,,,1,,,1,2,,,1,8
Outer Sydney Metro Contract 4,Day Pass without SAF,,,,,,,,,,,,,,,,,,,,,,,,1,4,3,7,11,18,19,5,11,4,15
NISC 1,Adult,,,,,,,,,,,,,109623,119724,109085,114149,117439,99536,96531,111768,126554,111555,127063,109123,121789,133930,124174,128028,134444,112756,113077,127532,143805,121571
NISC 1,Adult Single Bus Trip 1,,,,,,,,,,,,,8231,8030,7332,7855,7717,7600,7092,6394,6995,6659,6734,6148,6464,6394,5992,6586,6448,6488,6538,6514,7303,6778
NISC 1,Adult Single Bus Trip 2,,,,,,,,,,,,,7706,7267,6533,6503,6838,6591,5356,5020,5173,4626,4704,3999,4612,4490,4497,4566,4722,4640,4731,4588,4745,4106
NISC 1,Adult Single Bus Trip 3,,,,,,,,,,,,,2067,1826,1698,1478,1766,1752,1175,981,1085,902,869,796,804,783,817,811,932,982,981,796,981,836
NISC 1,Child/Youth,,,,,,,,,,,,,29492,24265,26485,25870,23781,29274,29213,24230,24869,26281,23622,19999,26758,23447,22684,25448,23452,26133,31002,25987,27298,26484
NISC 1,Child/Youth Single Bus Trip 1,,,,,,,,,,,,,2722,1731,2036,1954,1589,2511,2283,1092,1409,1772,1170,1097,1854,1131,1269,1485,1066,1669,2022,983,1185,1456
NISC 1,Child/Youth Single Bus Trip 2,,,,,,,,,,,,,3098,1665,2443,2170,1789,3089,2768,1084,1431,1844,1280,1124,1926,1130,1224,1514,1097,1679,2052,1045,1105,1534
NISC 1,Child/Youth Single Bus Trip 3,,,,,,,,,,,,,976,506,869,710,533,1109,845,295,335,499,303,293,444,250,373,430,339,503,673,344,300,425
NISC 1,Concession,,,,,,,,,,,,,30151,43817,34513,38383,31782,23601,22376,27641,41041,32420,42298,30116,28363,40428,34708,32406,28141,18758,17807,23798,36481,28624
NISC 1,Employee,,,,,,,,,,,,,3030,3123,3046,2965,3073,2633,2515,2617,2816,2647,2984,2630,2946,3066,2805,2780,2966,2587,2571,2923,3083,3044
NISC 1,Free Travel,,,,,,,,,,,,,1368,1498,1293,1418,1278,1217,1153,1060,1174,944,1136,893,1110,1165,1063,1050,1214,1188,1117,1167,1330,1188
NISC 1,School Student,,,,,,,,,,,,,47977,113964,72123,78733,91824,29369,5461,91730,94826,38610,101787,75700,38706,84570,67104,46631,72405,29261,5243,79090,86369,41964
NISC 1,Senior/Pensioner,,,,,,,,,,,,,133791,140307,132505,135334,137622,126873,123680,121598,129476,120729,138166,118610,130972,134584,123258,128971,133917,125220,122480,126015,138898,128704
NISC 1,On Demand,,,,,,,,,,,,,,,,,,,232,672,1049,1319,1782,1896,2596,2318,2182,2295,2221,2595,2771,2571,2807,2849
NISC 1,Other,,,,,,,,,,,,,,,,,,,24389,55421,64634,41889,66092,56620,37643,68810,66227,81377,174528,65839,48037,0,0,
NISC 1,Day Pass Child/Youth w/o SAF,,,,,,,,,,,,,,,,,,,,,,,,,1,1,,1,3,,1,,5,
NISC 1,Day Pass without SAF,,,,,,,,,,,,,,,5,5,,,,,,4,6,7,7,16,35,31,41,37,49,39,69,96
Outer Sydney Metro Contract 6,Adult,92105,80237,70330,84785,89251,79337,77642,83076,93925,78340,95360,85883,90121,96037,90721,92811,96903,85453,86178,92436,98888,91790,103387,88690,96382,99863,81271,96354,100535,88086,93441,95849,105027,93193
Outer Sydney Metro Contract 6,Adult Single Bus Trip 1,,7410,5927,7150,7431,7136,6944,6748,7539,6138,7006,6594,6835,6195,6494,6727,6932,6571,6606,6246,6497,6094,6168,5482,5838,5665,4760,5849,5902,6214,6094,5602,5909,5261
Outer Sydney Metro Contract 6,Adult Single Bus Trip 2,,6588,5420,6201,6223,6303,5770,5587,5676,5098,5548,4970,5208,4851,4699,4735,4671,4912,5024,4462,4657,4251,4687,3882,4517,4235,3360,4244,4414,4492,4633,4094,4272,3766
Outer Sydney Metro Contract 6,Adult Single Bus Trip 3,,1893,1564,1741,1693,1671,1464,1438,1508,1346,1537,1274,1397,1239,1208,1202,1274,1216,1163,1126,1131,992,1114,960,1103,955,693,930,899,1117,1033,921,858,839
Outer Sydney Metro Contract 6,Child/Youth,18453,17365,18250,22243,21554,25101,28609,21148,24281,26724,22916,20146,29863,22702,27379,28393,26276,29804,35122,26940,28700,31930,28913,25844,33752,28551,24005,31483,28053,29869,35162,30886,32746,31205
Outer Sydney Metro Contract 6,Child/Youth Single Bus Trip 1,,2128,2292,2379,1980,2865,3409,1844,2037,2634,1907,1818,2640,1613,2326,2066,1780,2649,2968,1613,1727,2303,1646,1523,2560,1778,1621,2287,1750,2611,3153,1590,1930,2336
Outer Sydney Metro Contract 6,Child/Youth Single Bus Trip 2,,2487,3126,3497,2283,3981,4914,2257,2308,3595,2141,2110,3476,1931,3202,3140,2237,3928,4358,1987,2065,3319,2023,1847,3214,1817,2112,3135,2140,3166,4032,1793,1980,2697
Outer Sydney Metro Contract 6,Child/Youth Single Bus Trip 3,,781,962,1071,646,1179,1557,624,637,977,608,625,1053,626,900,858,649,1044,1157,611,619,853,501,451,766,532,470,788,515,815,985,494,453,643
Outer Sydney Metro Contract 6,Concession,45740,16666,13133,15997,15256,12916,12601,14074,19824,15348,20045,15857,16690,21321,18561,18488,17253,14195,13605,15885,20035,16577,20750,16890,17168,20425,15274,17137,15699,12640,11978,13908,17616,14752
Outer Sydney Metro Contract 6,Employee,,1,,,,,,,,,,,,,,,,,,,1,,,,2,522,705,967,1078,1106,1172,1154,1197,1127
Outer Sydney Metro Contract 6,Free Travel,1279,1507,1416,1583,1622,1604,1348,1479,1707,1534,1945,1547,1715,1799,1738,1810,1751,1666,1715,1808,1961,1842,2239,1974,2201,2186,1760,1980,1959,1894,1916,1975,2126,2032
Outer Sydney Metro Contract 6,School Student,44997,89946,50284,62637,80174,30264,4298,68975,102304,33767,96560,73837,35577,79919,56372,80772,102667,37948,6411,113149,143501,61258,162034,129057,69622,147611,93545,77249,126399,60450,8690,147185,176956,85067
Outer Sydney Metro Contract 6,Senior/Pensioner,114901,115397,103444,123785,130755,121716,113532,115973,128766,113005,131014,116721,123107,127633,123582,125118,131079,119467,116837,118364,129033,119555,133781,116525,126184,130947,102815,121376,127657,119183,118968,121106,130152,118710
Outer Sydney Metro Contract 6,Day Pass Child/Youth w/o SAF,,,,,,,,,,,,,,,,6,,,,,,,,,,,,,2,,,,,
Outer Sydney Metro Contract 6,Day Pass without SAF,,,,,,,,,,,,,,,7,2,1,,,,23,10,10,23,34,41,23,28,46,32,85,37,107,47
Outer Sydney Metro Contract 7,Adult,40425,37010,36973,35604,38215,35499,34481,35754,40164,35590,40522,37459,39214,40012,38991,39268,42003,39380,38718,40177,42041,40410,44810,39680,42414,44481,41611,43080,45310,42568,42122,43058,47885,43311
Outer Sydney Metro Contract 7,Adult Single Bus Trip 1,,3782,3654,3623,3669,3698,3557,3297,3521,3313,3401,3022,3129,2913,2995,3247,3229,3454,3447,3015,2881,2843,2797,2562,2774,2636,2479,2762,2686,2975,2774,2430,2611,2608
Outer Sydney Metro Contract 7,Adult Single Bus Trip 2,,3118,2659,2537,2567,2677,2333,2132,2340,2251,2308,2158,2241,1981,1890,1891,1981,2131,2023,1875,1957,1867,1908,1624,1834,1762,1628,1688,1567,1781,1608,1379,1470,1515
Outer Sydney Metro Contract 7,Adult Single Bus Trip 3,,2490,2279,2134,2128,1927,1890,1562,1858,1684,1799,1610,1734,1642,1436,1598,1612,1528,1483,1433,1554,1543,1468,1143,1409,1254,1163,1266,1333,1151,1265,1002,1231,1246
Outer Sydney Metro Contract 7,Child/Youth,9970,12391,13126,13994,14689,14973,16176,14307,16025,16042,15823,14856,17814,15688,16112,16370,15383,16404,18577,15174,16279,16936,15528,13448,16825,14655,14152,16928,14086,15893,17678,15161,15907,16137
Outer Sydney Metro Contract 7,Child/Youth Single Bus Trip 1,,1997,1910,2058,1644,1880,1730,1180,1201,1484,1201,1289,1641,1134,1369,1294,1058,1615,1816,761,945,1357,868,797,1352,864,813,1107,841,1239,1664,886,1031,1067
Outer Sydney Metro Contract 7,Child/Youth Single Bus Trip 2,,1620,1843,1632,1273,1709,1888,978,945,1502,1036,1108,1590,944,1183,1223,1014,1698,1986,888,851,1405,937,821,1486,993,913,1176,946,1468,1754,871,1053,1234
Outer Sydney Metro Contract 7,Child/Youth Single Bus Trip 3,,1112,1246,963,777,1318,1393,611,711,999,581,696,1039,577,804,816,715,1208,1346,547,573,1018,503,580,849,490,541,770,590,963,1097,578,668,790
Outer Sydney Metro Contract 7,Concession,25285,8201,7525,7263,7519,6448,6038,6714,9269,7523,8936,7610,8042,9282,8503,8823,8509,7406,6866,7229,9389,7482,8642,7344,7199,9124,8107,7565,7155,6019,5850,6303,8389,7156
Outer Sydney Metro Contract 7,Employee,,,,,,,,,,,,,,,,,,,,,,,,,2,93,158,172,201,163,161,212,251,154
Outer Sydney Metro Contract 7,Free Travel,626,693,587,568,745,571,588,590,707,682,702,751,778,868,779,847,763,693,784,746,860,786,922,743,819,806,686,752,771,670,700,683,745,652
Outer Sydney Metro Contract 7,School Student,47535,124270,95560,92503,124419,46942,5861,102923,131634,43535,130405,106808,55357,116014,76714,83581,102826,36386,5809,92583,107941,42864,109411,84498,46141,93035,70709,49395,72036,30810,4903,73344,81529,39950
Outer Sydney Metro Contract 7,Senior/Pensioner,53142,58744,58898,57721,61407,58600,53937,54322,60740,53816,61526,55630,57590,59536,57071,58190,60393,55689,55225,55181,58224,55207,61420,53550,57040,59690,55077,56780,59870,56304,54626,55327,60364,55811
Outer Sydney Metro Contract 7,Day Pass Child/Youth w/o SAF,,,,,,,,,,,,,,,,1,,,,,,,,,,,,,,,,,,
Outer Sydney Metro Contract 7,Day Pass without SAF,,,,,,,,,,,,,,,1,,,,,,6,5,3,1,7,11,8,13,18,20,48,23,57,20
Outer Sydney Metro Contract 8,Adult,31266,26221,25214,25934,27768,36179,36069,25601,28306,33770,29997,28345,36917,31976,30122,36009,31282,41322,41148,35866,35974,40685,34199,32424,40605,35614,35833,31342,38939,45079,43596,37650,39193,46354
Outer Sydney Metro Contract 8,Adult Single Bus Trip 1,,1465,1408,1309,1288,1666,1960,1297,1330,1665,1168,1033,1447,1137,1085,1226,1078,1614,1622,973,1098,1252,907,855,976,972,902,1010,1000,1225,1419,1023,1065,1246
Outer Sydney Metro Contract 8,Adult Single Bus Trip 2,,485,395,335,386,341,353,353,376,363,418,327,306,330,295,241,243,235,241,203,188,171,190,163,147,82,124,130,151,158,139,138,231,185
Outer Sydney Metro Contract 8,Adult Single Bus Trip 3,,88,115,96,106,73,62,75,75,59,88,55,60,62,65,59,64,41,66,45,31,35,37,43,48,32,29,32,45,29,42,40,47,38
Outer Sydney Metro Contract 8,Child/Youth,6202,7473,5629,6067,6882,5820,5501,6890,7161,5871,6729,6507,7320,7390,5341,5863,4861,5631,6027,6210,6232,6720,6835,6334,7867,8204,5729,5663,6590,6738,6784,8008,7760,7833
Outer Sydney Metro Contract 8,Child/Youth Single Bus Trip 1,,650,274,296,202,224,393,199,166,300,132,128,298,130,130,102,67,208,213,56,115,182,74,68,182,87,92,134,83,66,129,61,51,107
Outer Sydney Metro Contract 8,Child/Youth Single Bus Trip 2,,229,184,179,66,127,203,60,46,105,34,21,137,54,151,91,38,111,186,45,75,93,81,57,109,42,64,90,86,69,122,61,65,81
Outer Sydney Metro Contract 8,Child/Youth Single Bus Trip 3,,42,41,25,10,12,26,9,8,12,19,9,18,6,15,13,5,10,20,4,2,13,14,11,16,4,6,9,14,7,13,8,1,11
Outer Sydney Metro Contract 8,Concession,4706,1845,1765,1628,1559,1455,1362,1595,2312,1969,2131,1752,2255,2114,1914,1784,1891,1551,1609,1484,2120,2052,1994,1747,2078,1997,1659,1525,1677,1563,1515,1769,2269,2042
Outer Sydney Metro Contract 8,Employee,,,,,,1,,,,,,,,,,,,,,,,,,,1,19,30,48,25,30,84,79,70,67
Outer Sydney Metro Contract 8,Free Travel,93,103,90,124,101,137,118,108,114,134,179,153,137,149,103,165,161,130,144,168,162,149,181,128,157,165,167,184,211,180,163,196,193,187
Outer Sydney Metro Contract 8,School Student,34602,82259,56463,52998,71011,25919,3351,62732,71733,22391,69155,54914,26479,55639,35347,36798,44414,14886,2559,41356,48687,21400,59382,46575,24025,57523,45827,29185,47637,21280,3165,54354,63173,30229
Outer Sydney Metro Contract 8,Senior/Pensioner,15507,17050,16542,17202,18169,16385,15476,15394,16990,15332,18406,16459,16429,16985,16275,16982,17095,15492,16233,16407,18644,17779,20074,16523,17971,17674,16935,17675,18064,16069,16393,16568,18376,17410
Outer Sydney Metro Contract 8,Day Pass without SAF,,,,,,,,,,,,,,,2,,,,,,,1,2,,1,,1,,,,1,1,,5
Outer Sydney Metro Contract 9,Adult,6314,5959,5663,5959,5537,5124,5877,5407,6167,6385,5775,5678,5986,6795,6456,6325,6122,5996,6153,5849,6579,6920,6470,6026,6460,6322,6700,6185,6036,6087,6709,6583,7058,7316
Outer Sydney Metro Contract 9,Adult Single Bus Trip 1,,271,248,210,242,248,259,234,243,185,232,222,218,167,147,182,200,199,178,215,187,213,213,152,185,166,159,136,179,140,163,170,155,133
Outer Sydney Metro Contract 9,Adult Single Bus Trip 2,,215,145,136,143,161,123,124,133,108,98,105,113,120,68,106,102,128,132,97,112,101,145,90,92,130,76,110,116,97,101,106,124,88
Outer Sydney Metro Contract 9,Adult Single Bus Trip 3,,173,129,96,124,124,94,152,167,117,121,88,83,119,101,116,98,106,78,70,74,66,78,63,78,85,46,58,61,52,64,50,63,53
Outer Sydney Metro Contract 9,Child/Youth,1053,1226,1180,1349,1239,1175,1278,1485,1662,1484,1657,1687,1574,1925,1801,1834,1866,1585,1575,1885,1961,1651,1883,1683,1692,1747,1772,1724,1628,1584,1731,1772,1825,2002
Outer Sydney Metro Contract 9,Child/Youth Single Bus Trip 1,,137,112,142,111,109,111,65,137,90,111,165,103,142,102,95,82,86,79,90,132,145,69,39,72,52,49,85,42,61,99,45,86,74
Outer Sydney Metro Contract 9,Child/Youth Single Bus Trip 2,,24,32,39,5,52,34,17,11,38,15,23,66,18,26,25,14,37,53,14,9,37,18,14,29,12,11,26,9,18,43,9,16,27
Outer Sydney Metro Contract 9,Child/Youth Single Bus Trip 3,,39,49,31,25,29,39,19,21,45,23,19,32,20,25,18,20,59,35,9,14,36,10,8,25,16,18,26,10,24,47,19,20,18
Outer Sydney Metro Contract 9,Concession,1046,540,516,602,561,445,336,419,650,532,690,491,481,553,499,511,520,392,378,430,638,522,705,489,465,662,586,456,487,404,404,440,692,473
Outer Sydney Metro Contract 9,Employee,,,,,,,,,,,,,,,,,,,,,,,,,,34,52,57,61,56,55,47,97,47
Outer Sydney Metro Contract 9,Free Travel,31,47,53,41,52,46,62,68,80,64,94,68,98,116,97,111,119,76,84,72,58,72,83,74,77,79,48,73,110,66,102,104,111,80
Outer Sydney Metro Contract 9,School Student,11578,24765,16896,16388,21623,8287,1314,17150,22320,7821,21424,17768,9611,20746,13589,13937,16862,6603,1379,18127,21174,9502,23135,18161,9391,19678,17268,11940,19006,8809,1289,18893,20496,11483
Outer Sydney Metro Contract 9,Senior/Pensioner,3547,3758,3729,3891,4042,3491,3417,3798,4017,3893,3959,3575,3509,3777,3596,3882,3937,3661,3508,3755,3691,3468,4066,3244,3665,4099,3613,3684,3825,3284,3256,3648,3847,3307
Outer Sydney Metro Contract 9,Day Pass without SAF,,,,,,,,,,,,,,,,,,,,,,,,,,,,,,,,,1,
Outer Sydney Metro Contract 10,Adult,51884,43670,42826,43342,45864,42343,40608,42894,50234,42050,50116,44644,46921,49659,46069,47446,50348,46565,45499,48519,53811,48840,53867,46319,52388,54322,50447,52210,53687,49458,50052,52837,59710,52670
Outer Sydney Metro Contract 10,Adult Single Bus Trip 1,,9036,8207,8015,8139,8242,7696,7348,7845,7079,7644,6785,7321,7051,7042,6850,6894,7001,6673,7007,6892,6317,6864,5909,6549,6652,5930,6841,6949,6510,6310,6226,6362,5765
Outer Sydney Metro Contract 10,Adult Single Bus Trip 2,,8047,7265,6721,6880,6609,6260,5775,6155,5577,6296,5610,5999,5244,5503,5318,5121,5151,5191,5001,4880,4847,5026,4582,5221,5276,5064,5295,5273,5077,5055,4622,4790,4296
Outer Sydney Metro Contract 10,Adult Single Bus Trip 3,,3362,2542,2499,2389,2443,2057,1924,2153,1948,2170,1913,1952,1909,1837,1848,1818,1830,1725,1839,1810,1654,1647,1358,1516,1724,1674,1676,1648,1641,1454,1460,1639,1421
Outer Sydney Metro Contract 10,Child/Youth,14668,20750,19337,20622,22603,18213,16361,21902,25114,17799,25901,22985,21490,25210,22319,23609,25122,20044,18748,25649,27461,21790,27756,24038,23030,27260,24168,23104,24877,19232,18527,24664,26561,21200
Outer Sydney Metro Contract 10,Child/Youth Single Bus Trip 1,,5341,4523,4216,4591,3547,2818,2618,3914,2711,3730,3550,3350,3433,3075,3081,3218,2886,2434,1966,2721,2378,2978,2407,2608,2767,2688,2589,2942,2462,2147,1731,2158,2059
Outer Sydney Metro Contract 10,Child/Youth Single Bus Trip 2,,2234,2414,2432,1960,2585,2518,1462,1491,2471,1854,1934,2624,1599,2231,1956,1667,2475,2609,1382,1569,2082,1451,1378,2117,1510,1776,1963,1641,1991,2316,1257,1411,1734
Outer Sydney Metro Contract 10,Child/Youth Single Bus Trip 3,,703,722,591,556,656,675,292,335,496,415,451,609,355,449,407,381,604,650,327,371,526,371,358,625,384,368,436,463,586,540,330,355,444
Outer Sydney Metro Contract 10,Concession,46653,17325,15195,15187,13939,12401,11817,13359,19025,14440,19325,14115,15093,19945,16815,16711,15629,12860,12163,13745,18751,15003,18374,14276,15927,18877,16813,14540,13070,11078,10433,11222,15580,12769
Outer Sydney Metro Contract 10,Employee,,,,,,,,,,,,,,,,,,,,,,,,,,29,63,86,120,120,112,138,143,159
Outer Sydney Metro Contract 10,Free Travel,835,1220,1148,1200,1273,1194,1124,1207,1376,1140,1378,1131,1144,1175,1228,1261,1327,1252,1204,1115,1159,1142,1264,1020,1272,1224,1110,1204,1169,1165,1219,1183,1130,1147
Outer Sydney Metro Contract 10,School Student,96126,217971,155466,148771,203667,74142,10558,181708,220437,77286,226353,188145,96444,211355,141382,156886,198236,66670,12835,194054,210582,90368,228977,184131,91906,210584,180365,120229,189697,79218,11830,188767,210780,107318
Outer Sydney Metro Contract 10,Senior/Pensioner,90518,105311,104689,103764,110476,103186,97037,98556,108870,95481,113158,103806,103330,106607,103206,104127,109494,100204,100373,102220,109011,98427,110089,94788,104455,107264,99879,104718,107976,99754,100457,102256,109521,98629
Outer Sydney Metro Contract 10,Day Pass Child/Youth w/o SAF,,,,,,,,,,,,,,,,4,,2,,,,3,7,,1,1,2,,4,,1,,,2
Outer Sydney Metro Contract 10,Day Pass without SAF,,,,,,,,,,,,,,,1,1,,,,,,,6,18,16,2,8,16,15,14,36,52,65,22
Outer Sydney Metro Contract 11,Adult,717,616,597,639,578,543,643,580,718,652,643,604,637,663,570,638,580,616,730,668,726,808,683,678,730,732,773,693,662,771,687,682,787,757
Outer Sydney Metro Contract 11,Adult Single Bus Trip 1,,109,98,98,76,66,62,64,51,53,40,49,50,32,47,76,76,53,45,62,52,47,39,29,68,41,38,49,37,59,64,36,48,46
Outer Sydney Metro Contract 11,Adult Single Bus Trip 2,,71,55,66,65,58,49,53,68,79,69,59,60,48,44,46,56,54,56,51,58,59,58,40,51,43,39,42,40,43,30,50,46,39
Outer Sydney Metro Contract 11,Adult Single Bus Trip 3,,34,36,32,14,41,28,28,24,32,11,17,30,18,12,13,20,24,31,12,27,15,12,10,12,10,11,15,15,18,20,13,7,15
Outer Sydney Metro Contract 11,Child/Youth,244,299,309,348,305,286,318,362,534,415,419,329,392,355,378,373,308,330,447,382,532,519,463,440,547,539,498,435,501,535,442,466,478,447
Outer Sydney Metro Contract 11,Child/Youth Single Bus Trip 1,,12,22,33,34,47,55,24,20,53,12,37,36,17,34,42,17,33,47,25,15,39,18,24,26,18,18,16,18,33,31,23,15,27
Outer Sydney Metro Contract 11,Child/Youth Single Bus Trip 2,,42,46,54,51,76,40,48,40,71,38,53,74,38,52,58,33,64,66,41,38,73,32,30,50,46,52,38,47,58,51,25,19,26
Outer Sydney Metro Contract 11,Child/Youth Single Bus Trip 3,,12,23,34,29,66,51,12,12,49,14,24,19,14,57,27,23,31,39,26,20,50,21,26,27,17,24,27,13,20,33,8,12,14
Outer Sydney Metro Contract 11,Concession,503,126,136,211,182,133,169,165,188,188,223,155,191,179,188,192,146,163,161,201,187,178,189,153,159,153,178,129,109,138,117,120,187,175
Outer Sydney Metro Contract 11,Employee,,,,,,,,,,,,,,,,,,,,,,,,,,9,2,12,17,10,14,8,11,14
Outer Sydney Metro Contract 11,Free Travel,11,6,5,19,8,16,16,9,15,23,8,7,26,15,17,20,17,35,31,25,31,38,29,26,34,29,28,30,29,31,30,19,22,24
Outer Sydney Metro Contract 11,School Student,3434,7684,6431,6853,8991,2957,321,7517,11000,3482,10117,8328,4184,8662,5332,6153,7160,2221,288,6682,7474,2987,6987,5257,2945,6935,5687,4025,6237,2705,377,6252,6544,3171
Outer Sydney Metro Contract 11,Senior/Pensioner,860,746,741,922,818,1030,950,824,907,1082,858,835,1011,902,781,862,883,1094,962,842,944,1068,902,948,1001,854,975,888,856,1016,960,826,962,1092
Outer Sydney Metro Contract 11,Day Pass without SAF,,,,,,,,,,,,,,,,,,,,,1,,,,1,,,,,,,1,1,1
Outer Sydney Metro Contract 12,Adult,12455,10256,10422,10087,10688,9729,8957,9889,12464,10025,11663,10982,11542,12194,11649,11910,12116,11040,11181,11874,13936,11638,12392,10903,12485,13348,12767,13228,13892,12780,12627,13317,15821,13194
Outer Sydney Metro Contract 12,Adult Single Bus Trip 1,,1262,1234,1048,979,1070,1098,1020,1115,1054,1070,873,947,965,868,1003,946,983,997,874,1018,989,1068,912,1026,947,819,888,937,913,834,852,919,791
Outer Sydney Metro Contract 12,Adult Single Bus Trip 2,,1708,1493,1308,1195,1180,1084,1189,1303,1237,1170,1042,1074,1034,893,936,1022,956,896,795,976,798,877,777,804,902,749,824,835,895,842,838,973,881
Outer Sydney Metro Contract 12,Adult Single Bus Trip 3,,927,702,599,573,611,565,512,541,502,500,431,397,341,429,379,334,449,381,354,452,423,388,329,335,342,355,340,371,407,390,337,348,354
Outer Sydney Metro Contract 12,Child/Youth,2863,3225,3174,3457,3444,3297,3426,3408,3713,3507,3161,3157,4027,3669,3961,3805,3925,4136,4815,4118,4191,4508,4325,4245,5022,4895,4596,4873,4422,4719,5568,4797,5127,4661
Outer Sydney Metro Contract 12,Child/Youth Single Bus Trip 1,,279,235,182,179,192,174,176,150,201,168,164,157,171,198,208,163,210,201,181,208,280,414,268,294,307,302,280,292,267,268,201,343,256
Outer Sydney Metro Contract 12,Child/Youth Single Bus Trip 2,,207,325,264,215,329,332,214,207,310,200,206,307,250,350,267,272,330,287,201,253,339,312,268,330,246,266,316,288,296,315,197,232,221
Outer Sydney Metro Contract 12,Child/Youth Single Bus Trip 3,,133,147,131,117,218,195,84,118,144,79,121,166,97,164,126,125,243,246,112,146,252,120,184,200,170,205,208,156,287,285,115,159,219
Outer Sydney Metro Contract 12,Concession,5697,3747,3006,2907,2545,2047,1726,2138,3867,2839,3580,2613,2621,3584,2986,2991,2611,2058,2032,2501,3599,2910,3492,2415,2839,3900,3466,2860,2251,2007,1782,2023,3689,3040
Outer Sydney Metro Contract 12,Employee,,,,,,,,,,,,,,,,,,,,,,,,,,38,55,69,83,88,68,96,117,87
Outer Sydney Metro Contract 12,Free Travel,171,204,263,221,219,196,206,185,235,200,245,228,226,205,239,205,178,186,184,221,187,198,212,197,267,244,223,271,260,257,232,239,259,236
Outer Sydney Metro Contract 12,School Student,10338,22988,16580,15021,19443,6986,1381,17910,22623,7925,22807,18540,9366,20969,15004,14479,18019,5828,1394,20139,21773,10456,26119,22216,10820,25427,22194,14421,23023,9433,1790,24577,26411,13628
Outer Sydney Metro Contract 12,Senior/Pensioner,18338,20377,20702,19884,20519,18952,17257,17713,20128,17321,20769,19576,19711,20665,20642,20258,21473,19496,18933,19036,20469,18728,20228,17961,20316,21041,19237,20345,20943,19371,18696,19227,20554,19074
Outer Sydney Metro Contract 12,Day Pass without SAF,,,,,,,,,,,,,,,,,,,,,,,,,,,,,1,,2,,7,1
Unallocated,Adult,10367,28510,10337,4425,955,220,1744,1108,125,485,1374,471,416,89,358,1495,636,308,374,170,786,5290,6277,5003,2223,1849,218,2457,3188,775,575,1460,481,1666
Unallocated,Adult Single Bus Trip 1,,1,,,,,,,,,,,,,,,,,,,,,,,,,,,,,,,,
Unallocated,Adult Single Bus Trip 2,,1,,,,,,,,,,,,,,,,,,,,,,,,,,,,,,,,
Unallocated,Child/Youth,104,1737,528,456,46,39,114,139,17,41,83,23,98,1,13,50,26,30,80,29,66,490,383,229,143,79,7,120,107,47,42,115,12,105
Unallocated,Concession,1275,5104,1628,454,97,21,128,165,21,64,89,45,55,3,37,99,64,27,33,7,115,692,908,481,179,174,3,236,232,30,46,108,49,215
Unallocated,Employee,14,16,3,4,3,3,6,4,,3,11,4,,,1,5,3,3,,1,11,41,60,41,15,6,3,20,20,6,3,6,1,12
Unallocated,Free Travel,3,6,2,4,2,1,2,4,,1,1,,,,,1,,1,1,1,2,8,15,7,7,1,,7,6,3,,5,,2
Unallocated,School Student,47,140,30,166,67,38,,17,,27,31,26,55,49,7,34,18,25,3,31,52,173,418,263,170,163,1,136,163,11,11,505,48,15
Unallocated,Senior/Pensioner,606,5904,2417,1122,119,75,332,356,51,110,214,56,231,10,39,173,82,161,115,32,149,1054,1287,1002,454,273,18,505,594,348,100,547,35,309
Night Ride 10,Adult,7737,7407,7784,7777,8075,9243,8996,7603,8408,8946,8189,8403,8312,7578,8094,9024,9330,11048,9098,8059,,,,,,,,,,,,,,
Night Ride 10,Adult Single Bus Trip 1,,41,18,28,34,48,35,25,20,15,20,16,9,15,20,15,10,12,8,9,,,,,,,,,,,,,,
Night Ride 10,Adult Single Bus Trip 2,,50,44,49,74,56,67,46,36,42,42,35,25,33,28,27,32,39,33,28,,,,,,,,,,,,,,
Night Ride 10,Adult Single Bus Trip 3,,120,111,99,86,97,108,73,57,51,59,64,66,67,44,43,37,51,57,43,,,,,,,,,,,,,,
Night Ride 10,Child/Youth,71,92,92,104,183,157,184,148,140,119,95,102,90,76,72,99,148,126,125,145,,,,,,,,,,,,,,
Night Ride 10,Child/Youth Single Bus Trip 1,,4,1,,2,,2,,1,,1,,1,,1,2,,,,,,,,,,,,,,,,,,
Night Ride 10,Child/Youth Single Bus Trip 2,,4,1,4,2,3,,1,,,1,1,,,1,,,,1,1,,,,,,,,,,,,,,
Night Ride 10,Child/Youth Single Bus Trip 3,,3,,,5,3,2,,2,,,2,,,,1,1,,,,,,,,,,,,,,,,,
Night Ride 10,Concession,604,601,566,569,536,594,543,478,583,749,524,615,595,529,578,581,569,643,372,434,,,,,,,,,,,,,,
Night Ride 10,Free Travel,7,7,3,4,3,1,,,,,,1,,1,,,,1,1,,,,,,,,,,,,,,,
Night Ride 10,School Student,,,,,,,,,,2,,,,,,,,1,,1,,,,,,,,,,,,,,
Night Ride 10,Senior/Pensioner,292,366,292,354,345,324,316,339,359,344,416,413,380,353,368,428,404,372,348,392,,,,,,,,,,,,,,
Night Ride 11,Adult,5340,5230,5230,5390,5682,5952,5745,4729,5442,5561,5281,5351,5307,5006,5193,5619,6169,6693,6048,5540,,,,,,,,,,,,,,
Night Ride 11,Adult Single Bus Trip 1,,16,19,24,15,26,11,12,4,8,15,5,9,3,2,2,12,3,11,10,,,,,,,,,,,,,,
Night Ride 11,Adult Single Bus Trip 2,,31,43,31,30,37,49,27,15,21,31,13,26,11,26,19,20,15,25,15,,,,,,,,,,,,,,
Night Ride 11,Adult Single Bus Trip 3,,86,71,62,65,97,82,40,26,46,58,37,43,42,29,29,34,23,54,52,,,,,,,,,,,,,,
Night Ride 11,Child/Youth,60,74,48,66,83,95,119,85,79,92,46,57,69,57,51,91,89,119,93,82,,,,,,,,,,,,,,
Night Ride 11,Child/Youth Single Bus Trip 1,,,,1,4,1,2,,,,,,,,,,,,2,3,,,,,,,,,,,,,,
Night Ride 11,Child/Youth Single Bus Trip 2,,3,,4,1,1,,,,,2,1,,,,1,,,1,,,,,,,,,,,,,,,
Night Ride 11,Child/Youth Single Bus Trip 3,,3,1,,7,7,4,,,2,1,1,,,1,1,,2,,,,,,,,,,,,,,,,
Night Ride 11,Concession,319,310,265,274,254,315,280,230,267,333,278,290,267,299,269,251,271,305,210,247,,,,,,,,,,,,,,
Night Ride 11,Free Travel,1,,,,,,1,1,,,,,1,2,,,1,,3,,,,,,,,,,,,,,,
Night Ride 11,School Student,,,,,,,,,,,,,,9,,,,,,,,,,,,,,,,,,,,
Night Ride 11,Senior/Pensioner,334,299,348,303,309,314,275,315,392,309,314,307,314,290,316,348,345,353,336,273,,,,,,,,,,,,,,
Night Ride 20,Adult,502,510,506,498,559,644,604,455,671,512,633,615,583,523,564,603,644,638,636,549,,,,,,,,,,,,,,
Night Ride 20,Adult Single Bus Trip 1,,3,5,3,4,3,6,2,7,5,,2,6,,2,,3,1,3,4,,,,,,,,,,,,,,
Night Ride 20,Adult Single Bus Trip 2,,7,5,11,10,9,12,5,7,2,2,6,6,,7,8,3,11,11,9,,,,,,,,,,,,,,
Night Ride 20,Child/Youth,5,7,4,11,13,16,17,9,9,11,22,25,12,13,11,6,21,25,17,27,,,,,,,,,,,,,,
Night Ride 20,Child/Youth Single Bus Trip 1,,,,,,,,1,,,,,,,,,2,,,1,,,,,,,,,,,,,,
Night Ride 20,Child/Youth Single Bus Trip 2,,,,,,1,,2,,,,1,,,1,1,,1,1,,,,,,,,,,,,,,,
Night Ride 20,Concession,71,39,34,45,32,45,29,21,30,26,25,26,30,25,41,50,32,44,39,19,,,,,,,,,,,,,,
Night Ride 20,School Student,,,,,,,,,,,,,,,,1,,,,,,,,,,,,,,,,,,
Night Ride 20,Senior/Pensioner,42,49,51,49,53,73,55,46,51,56,75,71,58,39,44,51,77,68,66,79,,,,,,,,,,,,,,
Night Ride 30,Adult,4960,4736,5025,5517,5719,6190,5689,5551,5846,5972,5701,5674,5390,4854,4947,5747,5735,6107,5490,5322,,,,,,,,,,,,,,
Night Ride 30,Adult Single Bus Trip 1,,35,19,27,39,39,26,12,19,35,12,17,26,15,20,16,20,13,5,6,,,,,,,,,,,,,,
Night Ride 30,Adult Single Bus Trip 2,,43,39,52,62,75,62,45,37,64,27,56,46,42,27,55,25,45,33,31,,,,,,,,,,,,,,
Night Ride 30,Adult Single Bus Trip 3,,252,151,196,150,240,179,150,90,153,117,124,125,80,74,70,44,85,64,35,,,,,,,,,,,,,,
Night Ride 30,Child/Youth,102,106,121,155,176,178,201,199,144,223,116,151,156,126,156,152,136,209,181,169,,,,,,,,,,,,,,
Night Ride 30,Child/Youth Single Bus Trip 1,,5,2,1,1,4,1,1,,,1,1,1,,,,,,,,,,,,,,,,,,,,,
Night Ride 30,Child/Youth Single Bus Trip 2,,8,6,10,,12,11,2,3,2,7,,5,1,2,3,,3,5,1,,,,,,,,,,,,,,
Night Ride 30,Child/Youth Single Bus Trip 3,,20,11,11,12,17,12,10,4,9,3,7,7,5,1,3,2,4,4,4,,,,,,,,,,,,,,
Night Ride 30,Concession,639,641,597,673,722,659,555,624,696,849,664,692,697,664,643,705,687,630,544,497,,,,,,,,,,,,,,
Night Ride 30,Free Travel,21,15,16,13,10,11,10,13,15,13,8,11,15,20,16,13,15,23,17,15,,,,,,,,,,,,,,
Night Ride 30,Senior/Pensioner,634,650,695,712,680,704,644,744,753,740,650,690,718,676,721,736,778,803,692,721,,,,,,,,,,,,,,
Night Ride 40,Adult,5976,6193,5873,6636,6147,6640,6297,5939,6283,6699,6192,6070,6144,5480,5832,6422,6564,7074,6089,5489,,,,,,,,,,,,,,
Night Ride 40,Adult Single Bus Trip 1,,25,24,18,13,26,16,13,24,23,20,11,23,16,10,16,15,5,21,10,,,,,,,,,,,,,,
Night Ride 40,Adult Single Bus Trip 2,,47,70,58,48,70,51,44,39,40,33,32,36,22,24,45,43,46,37,22,,,,,,,,,,,,,,
Night Ride 40,Adult Single Bus Trip 3,,73,72,46,56,98,58,69,45,66,53,59,28,35,44,36,22,35,30,22,,,,,,,,,,,,,,
Night Ride 40,Child/Youth,84,82,94,125,133,149,156,139,158,172,108,116,126,92,90,143,128,158,146,144,,,,,,,,,,,,,,
Night Ride 40,Child/Youth Single Bus Trip 1,,2,2,1,,,2,1,3,5,3,,,,2,,,,2,1,,,,,,,,,,,,,,
Night Ride 40,Child/Youth Single Bus Trip 2,,10,15,2,2,9,6,18,3,2,2,2,5,2,1,3,2,,3,1,,,,,,,,,,,,,,
Night Ride 40,Child/Youth Single Bus Trip 3,,15,1,2,6,8,5,5,9,13,3,2,1,1,,1,2,2,1,3,,,,,,,,,,,,,,
Night Ride 40,Concession,462,516,548,492,478,434,473,469,577,705,574,578,588,474,501,485,565,445,395,434,,,,,,,,,,,,,,
Night Ride 40,Free Travel,,3,2,1,,1,1,,,,,,,,5,1,,1,,,,,,,,,,,,,,,,
Night Ride 40,School Student,,,4,1,4,,,1,13,,,,,12,,4,5,,,1,,,,,,,,,,,,,,
Night Ride 40,Senior/Pensioner,579,624,700,750,736,685,735,739,821,702,698,599,618,588,620,752,771,732,721,591,,,,,,,,,,,,,,
Night Ride 50,Adult,6556,6783,6884,7609,6980,7693,7150,6546,7568,7682,7148,7022,6963,6748,6683,7800,7512,8518,7203,6968,,,,,,,,,,,,,,
Night Ride 50,Adult Single Bus Trip 1,,47,65,37,58,38,38,29,38,38,30,11,18,23,14,15,17,21,23,10,,,,,,,,,,,,,,
Night Ride 50,Adult Single Bus Trip 2,,95,89,85,87,99,105,87,62,59,63,44,50,49,41,42,45,56,47,32,,,,,,,,,,,,,,
Night Ride 50,Adult Single Bus Trip 3,,113,86,100,64,117,62,70,66,61,59,34,43,45,42,47,47,37,37,30,,,,,,,,,,,,,,
Night Ride 50,Child/Youth,80,93,88,152,122,150,152,135,188,146,99,140,133,107,99,101,109,148,150,142,,,,,,,,,,,,,,
Night Ride 50,Child/Youth Single Bus Trip 1,,11,7,4,4,4,9,5,10,1,4,1,1,,,,3,,,1,,,,,,,,,,,,,,
Night Ride 50,Child/Youth Single Bus Trip 2,,7,5,10,7,11,13,4,8,4,1,4,1,2,3,3,4,4,5,1,,,,,,,,,,,,,,
Night Ride 50,Child/Youth Single Bus Trip 3,,3,8,12,12,9,19,5,2,5,,5,5,1,2,2,2,5,2,2,,,,,,,,,,,,,,
Night Ride 50,Concession,460,497,539,572,536,579,537,525,522,681,555,609,594,532,482,617,601,598,444,433,,,,,,,,,,,,,,
Night Ride 50,Free Travel,,,4,6,10,5,2,1,,1,,3,2,1,3,2,2,,4,,,,,,,,,,,,,,,
Night Ride 50,School Student,,1,,4,,,,,1,,,,,,,3,,,,1,,,,,,,,,,,,,,
Night Ride 50,Senior/Pensioner,633,698,758,773,753,775,860,816,875,824,813,826,783,675,726,868,863,818,938,846,,,,,,,,,,,,,,
Night Ride 60,Adult,11446,11731,11405,12198,12532,12471,10788,10436,12203,11868,12171,11078,11923,11510,12175,12779,13572,14593,13076,12050,,,,,,,,,,,,,,
Night Ride 60,Adult Single Bus Trip 1,,55,36,33,35,44,29,21,26,28,26,19,17,17,18,23,12,24,18,10,,,,,,,,,,,,,,
Night Ride 60,Adult Single Bus Trip 2,,99,87,83,94,80,74,90,74,73,46,51,53,61,43,36,53,47,31,21,,,,,,,,,,,,,,
Night Ride 60,Adult Single Bus Trip 3,,134,134,151,148,172,136,109,112,129,85,89,105,81,73,72,85,79,48,38,,,,,,,,,,,,,,
Night Ride 60,Child/Youth,89,115,105,139,195,192,191,199,162,146,126,139,149,120,139,171,174,244,220,186,,,,,,,,,,,,,,
Night Ride 60,Child/Youth Single Bus Trip 1,,4,4,4,3,1,5,1,1,2,,1,2,1,4,3,1,2,2,,,,,,,,,,,,,,,
Night Ride 60,Child/Youth Single Bus Trip 2,,10,7,5,4,5,5,6,2,9,4,5,2,1,8,6,5,3,6,1,,,,,,,,,,,,,,
Night Ride 60,Child/Youth Single Bus Trip 3,,12,12,10,20,18,13,16,11,7,6,9,20,2,9,14,3,4,5,3,,,,,,,,,,,,,,
Night Ride 60,Concession,511,550,576,614,673,595,488,505,561,609,576,574,632,600,610,611,538,593,462,517,,,,,,,,,,,,,,
Night Ride 60,Employee,,,,,,,,,,1,,,,,,,,,,,,,,,,,,,,,,,,
Night Ride 60,Free Travel,3,6,4,8,7,2,4,2,5,7,3,8,7,3,7,,3,1,1,,,,,,,,,,,,,,,
Night Ride 60,School Student,,,,2,,,,,,,,,,,,,,,,,,,,,,,,,,,,,,
Night Ride 60,Senior/Pensioner,977,1033,1140,1192,1126,1154,1036,980,976,969,923,867,893,953,987,945,909,1018,949,950,,,,,,,,,,,,,,
Night Ride 61,Adult,1313,1221,1400,1469,1342,1727,1477,1305,1390,1702,1290,1480,1443,1039,1257,1437,1359,1964,1345,1219,,,,,,,,,,,,,,
Night Ride 61,Adult Single Bus Trip 1,,1,1,1,6,4,,1,5,3,1,2,1,3,2,1,3,3,2,2,,,,,,,,,,,,,,
Night Ride 61,Adult Single Bus Trip 2,,6,11,12,8,9,9,2,3,13,2,5,9,4,2,9,3,12,4,3,,,,,,,,,,,,,,
Night Ride 61,Adult Single Bus Trip 3,,19,15,27,20,26,37,16,17,17,10,16,7,9,9,5,5,22,6,9,,,,,,,,,,,,,,
Night Ride 61,Child/Youth,13,14,18,22,21,26,20,26,17,13,12,14,14,12,24,17,18,42,23,30,,,,,,,,,,,,,,
Night Ride 61,Child/Youth Single Bus Trip 1,,,,1,,,,,,,1,,,,,,,,1,,,,,,,,,,,,,,,
Night Ride 61,Child/Youth Single Bus Trip 2,,1,1,1,,2,,,1,2,1,,2,,1,,,,3,,,,,,,,,,,,,,,
Night Ride 61,Child/Youth Single Bus Trip 3,,3,2,1,4,,3,2,2,5,1,,1,,,1,,,,,,,,,,,,,,,,,,
Night Ride 61,Concession,168,155,146,121,108,133,93,82,136,146,106,125,180,156,144,128,107,159,88,75,,,,,,,,,,,,,,
Night Ride 61,Free Travel,,,,,,1,,1,,,1,,1,1,,,,,2,,,,,,,,,,,,,,,
Night Ride 61,Senior/Pensioner,100,85,94,95,78,108,101,70,73,96,78,80,66,70,81,86,71,125,107,70,,,,,,,,,,,,,,
Night Ride 70,Adult,5560,5405,5721,6107,6288,6068,6125,5610,6170,5880,6270,5801,5726,5618,5584,6150,5916,6275,6005,5477,,,,,,,,,,,,,,
Night Ride 70,Adult Single Bus Trip 1,,18,6,3,16,13,12,5,10,13,9,7,5,5,12,5,6,9,3,4,,,,,,,,,,,,,,
Night Ride 70,Adult Single Bus Trip 2,,19,36,51,27,26,43,23,22,18,22,22,29,26,22,20,17,32,11,10,,,,,,,,,,,,,,
Night Ride 70,Adult Single Bus Trip 3,,117,128,121,123,144,112,86,68,84,61,66,70,58,63,76,53,71,64,46,,,,,,,,,,,,,,
Night Ride 70,Child/Youth,55,61,77,104,138,155,167,124,142,112,123,112,105,88,104,119,128,113,173,132,,,,,,,,,,,,,,
Night Ride 70,Child/Youth Single Bus Trip 1,,2,4,4,1,1,,1,,2,1,1,,1,,,,,,,,,,,,,,,,,,,,
Night Ride 70,Child/Youth Single Bus Trip 2,,7,7,2,6,2,8,4,6,3,11,2,1,6,,1,9,6,5,7,,,,,,,,,,,,,,
Night Ride 70,Child/Youth Single Bus Trip 3,,19,29,21,17,13,12,10,7,6,5,5,10,9,8,3,9,8,9,13,,,,,,,,,,,,,,
Night Ride 70,Concession,546,545,457,514,452,489,405,412,416,468,426,410,407,463,416,502,511,478,439,421,,,,,,,,,,,,,,
Night Ride 70,Free Travel,,5,,5,3,3,8,2,6,,,,1,,,,,2,2,2,,,,,,,,,,,,,,
Night Ride 70,School Student,,,1,,,1,,,6,,,,,,,,2,,,,,,,,,,,,,,,,,
Night Ride 70,Senior/Pensioner,611,616,677,662,733,669,662,682,700,620,577,535,526,478,561,606,637,576,677,576,,,,,,,,,,,,,,
Night Ride 71,Adult,1863,1494,1653,1918,1721,2077,1698,1428,1504,1957,1540,1539,1753,1283,1621,1936,1629,2366,1634,1581,,,,,,,,,,,,,,
Night Ride 71,Adult Single Bus Trip 1,,5,3,4,8,6,1,3,2,2,2,4,5,1,,3,,1,1,,,,,,,,,,,,,,,
Night Ride 71,Adult Single Bus Trip 2,,9,14,10,8,9,3,1,7,16,4,3,9,3,9,6,2,7,13,2,,,,,,,,,,,,,,
Night Ride 71,Adult Single Bus Trip 3,,78,61,70,90,87,42,41,31,46,29,24,56,25,23,39,15,49,23,21,,,,,,,,,,,,,,
Night Ride 71,Child/Youth,38,28,35,41,49,56,52,61,41,60,37,42,28,29,32,38,49,65,39,43,,,,,,,,,,,,,,
Night Ride 71,Child/Youth Single Bus Trip 1,,,1,,2,,1,,1,1,,,,,,,,1,,,,,,,,,,,,,,,,
Night Ride 71,Child/Youth Single Bus Trip 2,,1,6,5,,,4,1,5,3,1,,2,1,,,,3,,,,,,,,,,,,,,,,
Night Ride 71,Child/Youth Single Bus Trip 3,,16,3,14,5,8,5,8,2,3,3,,3,2,,1,,,5,,,,,,,,,,,,,,,
Night Ride 71,Concession,301,274,267,304,236,247,203,177,237,300,249,236,273,235,213,228,199,222,168,184,,,,,,,,,,,,,,
Night Ride 71,Free Travel,,2,,,,,1,,,,,,1,2,,,2,,1,,,,,,,,,,,,,,,
Night Ride 71,Senior/Pensioner,185,146,147,200,157,179,153,133,130,156,131,146,171,141,146,169,134,185,111,138,,,,,,,,,,,,,,
Night Ride 80,Adult,3652,3784,3917,4025,4049,4559,4024,4053,4524,4245,4123,4078,4231,4274,4373,4211,4595,4901,4959,4241,,,,,,,,,,,,,,
Night Ride 80,Adult Single Bus Trip 1,,19,14,23,11,16,9,9,13,15,12,17,9,9,4,16,6,9,12,13,,,,,,,,,,,,,,
Night Ride 80,Adult Single Bus Trip 2,,26,26,16,21,23,24,17,20,17,25,12,22,25,22,23,18,19,14,14,,,,,,,,,,,,,,
Night Ride 80,Adult Single Bus Trip 3,,60,51,53,51,52,43,34,51,60,47,33,27,31,55,44,42,48,52,25,,,,,,,,,,,,,,
Night Ride 80,Child/Youth,98,40,77,99,142,159,192,268,194,129,67,62,88,82,102,76,161,186,195,166,,,,,,,,,,,,,,
Night Ride 80,Child/Youth Single Bus Trip 1,,3,4,5,4,1,2,2,,,,,,,,2,,1,,2,,,,,,,,,,,,,,
Night Ride 80,Child/Youth Single Bus Trip 2,,4,3,3,5,4,4,,5,7,1,,4,2,,,2,,1,,,,,,,,,,,,,,,
Night Ride 80,Child/Youth Single Bus Trip 3,,13,5,4,3,4,5,12,2,6,2,6,2,,2,2,7,,1,1,,,,,,,,,,,,,,
Night Ride 80,Concession,509,499,553,533,473,576,437,504,604,636,517,494,597,480,567,479,462,488,480,441,,,,,,,,,,,,,,
Night Ride 80,Free Travel,,1,1,3,1,,3,1,,,,,,,2,1,,,4,,,,,,,,,,,,,,,
Night Ride 80,School Student,,1,,,,,,5,11,,,3,,,,,5,2,,5,,,,,,,,,,,,,,
Night Ride 80,Senior/Pensioner,289,307,319,313,325,372,329,320,300,294,304,309,230,267,262,239,265,274,263,227,,,,,,,,,,,,,,
Night Ride 90,Adult,4997,4984,5386,5870,5645,6703,5838,5507,5543,5876,4991,5059,4985,4426,4861,5159,5744,6145,5265,5313,,,,,,,,,,,,,,
Night Ride 90,Adult Single Bus Trip 1,,16,7,15,13,16,6,11,12,20,17,14,6,10,13,8,3,11,11,7,,,,,,,,,,,,,,
Night Ride 90,Adult Single Bus Trip 2,,50,45,42,31,56,49,32,38,46,36,28,28,23,25,31,26,38,22,32,,,,,,,,,,,,,,
Night Ride 90,Adult Single Bus Trip 3,,76,92,61,55,81,66,64,61,48,45,42,40,24,25,34,32,33,21,42,,,,,,,,,,,,,,
Night Ride 90,Child/Youth,135,99,143,160,341,439,437,547,345,338,172,237,222,201,274,159,409,392,413,439,,,,,,,,,,,,,,
Night Ride 90,Child/Youth Single Bus Trip 1,,3,3,4,1,3,4,1,,1,1,1,1,1,,1,2,,1,1,,,,,,,,,,,,,,
Night Ride 90,Child/Youth Single Bus Trip 2,,7,16,2,9,9,16,2,7,6,,1,5,2,2,1,5,3,2,3,,,,,,,,,,,,,,
Night Ride 90,Child/Youth Single Bus Trip 3,,13,8,10,20,8,14,6,7,10,6,3,4,3,5,1,8,6,6,3,,,,,,,,,,,,,,
Night Ride 90,Concession,1004,982,978,885,941,1001,880,911,1142,1233,900,1073,1177,945,910,870,974,1114,829,941,,,,,,,,,,,,,,
Night Ride 90,Free Travel,,,,,,1,,1,,3,,,2,,1,2,1,,2,1,,,,,,,,,,,,,,
Night Ride 90,School Student,,,,,,,,1,,,1,,,,,,,,,,,,,,,,,,,,,,,
Night Ride 90,Senior/Pensioner,228,261,278,306,313,334,318,257,255,223,186,236,235,213,220,219,224,246,226,240,,,,,,,,,,,,,,
Night Ride 100,Adult,618,498,560,884,500,907,891,722,720,939,585,568,588,450,520,710,701,1070,904,750,,,,,,,,,,,,,,
Night Ride 100,Adult Single Bus Trip 1,,4,7,9,27,12,14,13,21,17,6,8,10,7,14,6,5,15,9,10,,,,,,,,,,,,,,
Night Ride 100,Adult Single Bus Trip 2,,4,2,12,6,8,5,10,4,15,3,4,8,1,4,6,1,4,6,1,,,,,,,,,,,,,,
Night Ride 100,Child/Youth,14,17,7,19,12,28,29,18,11,30,12,9,10,10,13,7,19,28,31,17,,,,,,,,,,,,,,
Night Ride 100,Child/Youth Single Bus Trip 1,,,,1,,,6,,,,,,1,,,,,,,,,,,,,,,,,,,,,
Night Ride 100,Child/Youth Single Bus Trip 2,,1,1,,,,4,3,,1,3,2,,,,,,,,,,,,,,,,,,,,,,
Night Ride 100,Concession,57,35,45,93,34,36,45,19,65,78,36,40,64,38,39,60,32,46,24,28,,,,,,,,,,,,,,
Night Ride 100,Free Travel,,,,,,,,1,,,,,,,,,,,,,,,,,,,,,,,,,,
Night Ride 100,Senior/Pensioner,29,21,26,47,34,45,28,27,25,15,18,21,36,25,29,24,10,34,31,26,,,,,,,,,,,,,,
Outer Sydney Metro Contract 5,Adult,102580,113219,108119,104924,110511,97088,90726,103282,124617,98592,115956,100640,19,,,,,,,,,,,,,,,,,,,,,
Outer Sydney Metro Contract 5,Adult Single Bus Trip 1,,9273,8581,8048,8447,8238,8265,8251,9247,7998,8474,7662,5,,,,,,,,,,,,,,,,,,,,,
Outer Sydney Metro Contract 5,Adult Single Bus Trip 2,,12613,10206,9050,9089,9028,8130,7824,9171,7561,8064,7090,13,,,,,,,,,,,,,,,,,,,,,
Outer Sydney Metro Contract 5,Adult Single Bus Trip 3,,3491,2880,2631,2544,2465,2157,2092,2176,1964,1764,1786,4,,,,,,,,,,,,,,,,,,,,,
Outer Sydney Metro Contract 5,Child/Youth,15832,19385,22602,23853,23461,26816,28457,24273,25895,24907,24342,21337,5,,,,,,,,,,,,,,,,,,,,,
Outer Sydney Metro Contract 5,Child/Youth Single Bus Trip 1,,1307,1894,1648,1635,2371,2880,1652,1736,2313,1729,1732,1,,,,,,,,,,,,,,,,,,,,,
Outer Sydney Metro Contract 5,Child/Youth Single Bus Trip 2,,2442,2594,2262,1851,3206,3788,1784,1787,2783,1763,1783,,,,,,,,,,,,,,,,,,,,,,
Outer Sydney Metro Contract 5,Child/Youth Single Bus Trip 3,,667,947,1145,721,1350,1602,777,662,1065,532,634,1,,,,,,,,,,,,,,,,,,,,,
Outer Sydney Metro Contract 5,Concession,66940,41108,32653,35058,30654,22938,20630,24990,43968,31502,40833,29231,11,,,,,,,,,,,,,,,,,,,,,
Outer Sydney Metro Contract 5,Employee,3156,3334,3092,2864,3203,3214,3003,2871,3233,2782,3223,3170,1,,,,,,,,,,,,,,,,,,,,,
Outer Sydney Metro Contract 5,Free Travel,957,1162,1061,1063,1215,1388,1309,1127,1452,1152,1535,1334,,,,,,,,,,,,,,,,,,,,,,
Outer Sydney Metro Contract 5,School Student,45224,110239,75262,71065,92417,33800,5512,91284,118681,37898,114415,94659,,,,,,,,,,,,,,,,,,,,,,
Outer Sydney Metro Contract 5,Senior/Pensioner,124570,139526,137657,134642,143341,135737,127356,131825,149897,125352,144478,130625,11,,,,,,,,,,,,,,,,,,,,,
,,,,,,,,,,,,,,,,,,,,,,,,,,,,,,,,,,,
